Timestamp,Day,Hour,Total Hours,Load,PV,Tou Tariff,FiT,PV to Load,PV to EV,PV to Grid,EV to Load,EV to Grid,Grid to Load,Grid to EV,Purchase,Sell,Bill
12:00:00 am,0,0,0,0.996981,0,0.19,0.12,0,0,0,0,0,0.996981,0,0.18942639,0,0.18942639
1:00:00 am,0,1,1,0.821823,0,0.19,0.12,0,0,0,0,0,0.821823,0,0.15614637,0,0.15614637
2:00:00 am,0,2,2,0.763377,0,0.19,0.12,0,0,0,0,0,0.763377,0,0.14504163,0,0.14504163
3:00:00 am,0,3,3,0.758826,0,0.19,0.12,0,0,0,0,0,0.758826,0,0.14417694,0,0.14417694
4:00:00 am,0,4,4,0.809772,0,0.19,0.12,0,0,0,0,0,0.809772,0,0.15385668,0,0.15385668
5:00:00 am,0,5,5,1.0761,0,0.19,0.12,0,0,0,0,0,1.0761,0,0.204459,0,0.204459
6:00:00 am,0,6,6,1.68879,0,0.19,0.12,0,0,0,0,0,1.68879,0,0.3208701,0,0.3208701
7:00:00 am,0,7,7,2.1327,0,0.19,0.12,0,0,0,0,0,2.1327,0,0.405213,0,0.405213
8:00:00 am,0,8,8,2.06445,0.075187,0.19,0.12,0.075187,0,0,0,0,1.98926,0,0.3779594,0,0.3779594
9:00:00 am,0,9,9,1.82084,0.342628,0.19,0.12,0.342628,0,0,0,0,1.47821,0,0.2808599,0,0.2808599
10:00:00 am,0,10,10,1.74841,2.36887,0.19,0.12,1.74841,0.62046,0,0,0,0,0,0,0,0
11:00:00 am,0,11,11,1.643,0.78671,0.19,0.12,0.78671,0,0,0,0,0.856292,0,0.16269548,0,0.16269548
12:00:00 pm,0,12,12,1.54507,0.725084,0.19,0.12,0.725084,0,0,0,0,0.81999,0,0.1557981,0,0.1557981
1:00:00 pm,0,13,13,1.46878,0.495713,0.19,0.12,0.495713,0,0,0,0,0.973064,0,0.18488216,0,0.18488216
2:00:00 pm,0,14,14,1.42302,1.89095,0.19,0.12,1.42302,0.467927,0,0,0,0,0,0,0,0
3:00:00 pm,0,15,15,1.49498,0.47302,0.19,0.12,0.47302,0,0,0,0,1.02195,0,0.1941705,0,0.1941705
4:00:00 pm,0,16,16,1.80092,0.00708822,0.19,0.12,0.00708822,0,0,0.307061,0,1.48677,0,0.2824863,0,0.2824863
5:00:00 pm,0,17,17,2.40804,0,0.19,0.12,0,0,0,0.692979,0,1.71506,0,0.3258614,0,0.3258614
6:00:00 pm,0,18,18,2.83893,0,0.19,0.12,0,0,0,0,0,2.83893,0,0.5393967,0,0.5393967
7:00:00 pm,0,19,19,2.78803,0,0.19,0.12,0,0,0,0,0,2.78803,0,0.5297257,0,0.5297257
8:00:00 pm,0,20,20,2.57405,0,0.19,0.12,0,0,0,0,0,2.57405,0,0.4890695,0,0.4890695
9:00:00 pm,0,21,21,2.32924,0,0.19,0.12,0,0,0,0,0,2.32924,0,0.4425556,0,0.4425556
10:00:00 pm,0,22,22,1.89494,0,0.19,0.12,0,0,0,0,0,1.89494,0,0.3600386,0,0.3600386
11:00:00 pm,0,23,23,1.44597,0,0.19,0.12,0,0,0,0,0,1.44597,0,0.2747343,0,0.2747343
12:00:00 am,1,0,24,0.979471,0,0.19,0.12,0,0,0,0,0,0.979471,0,0.18609949,0,0.18609949
1:00:00 am,1,1,25,0.802332,0,0.19,0.12,0,0,0,0,0,0.802332,0,0.15244308,0,0.15244308
2:00:00 am,1,2,26,0.74049,0,0.19,0.12,0,0,0,0,0,0.74049,0,0.1406931,0,0.1406931
3:00:00 am,1,3,27,0.732393,0,0.19,0.12,0,0,0,0,0,0.732393,0,0.13915467,0,0.13915467
4:00:00 am,1,4,28,0.772563,0,0.19,0.12,0,0,0,0,0,0.772563,0,0.14678697,0,0.14678697
5:00:00 am,1,5,29,1.01946,0,0.19,0.12,0,0,0,0,0,1.01946,0,0.1936974,0,0.1936974
6:00:00 am,1,6,30,1.59249,0,0.19,0.12,0,0,0,0,0,1.59249,0,0.3025731,0,0.3025731
7:00:00 am,1,7,31,2.0093,0,0.19,0.12,0,0,0,0,0,2.0093,0,0.381767,0,0.381767
8:00:00 am,1,8,32,1.92382,0.304057,0.19,0.12,0.304057,0,0,0,0,1.61977,0,0.3077563,0,0.3077563
9:00:00 am,1,9,33,1.67193,1.04852,0.19,0.12,1.04852,0,0,0,0,0.623411,0,0.11844809,0,0.11844809
10:00:00 am,1,10,34,1.58676,1.98567,0.19,0.12,1.58676,0.398904,0,0,0,0,0,0,0,0
11:00:00 am,1,11,35,1.48839,2.30092,0.19,0.12,1.48839,0.812535,0,0,0,0,0,0,0,0
12:00:00 pm,1,12,36,1.39419,1.6637,0.19,0.12,1.39419,0.269511,0,0,0,0,0,0,0,0
1:00:00 pm,1,13,37,1.32338,2.26822,0.19,0.12,1.32338,0.944845,0,0,0,0,0,0,0,0
2:00:00 pm,1,14,38,1.27935,1.52259,0.19,0.12,1.27935,0.243235,0,0,0,0,0,0,0,0
3:00:00 pm,1,15,39,1.34729,1.73679,0.19,0.12,1.34729,0.389501,0,0,0,0,0,0,0,0
4:00:00 pm,1,16,40,1.64948,0.290923,0.19,0.12,0.290923,0,0,0,0,1.35855,0,0.2581245,0,0.2581245
5:00:00 pm,1,17,41,2.23455,0,0.19,0.12,0,0,0,0.747778,0,1.48677,0,0.2824863,0,0.2824863
6:00:00 pm,1,18,42,2.64718,0,0.19,0.12,0,0,0,1.1604,0,1.48677,0,0.2824863,0,0.2824863
7:00:00 pm,1,19,43,2.60507,0,0.19,0.12,0,0,0,0.876067,0,1.729,0,0.32851,0,0.32851
8:00:00 pm,1,20,44,2.39901,0,0.19,0.12,0,0,0,0,0,2.39901,0,0.4558119,0,0.4558119
9:00:00 pm,1,21,45,2.16982,0,0.19,0.12,0,0,0,0,0,2.16982,0,0.4122658,0,0.4122658
10:00:00 pm,1,22,46,1.75751,0,0.19,0.12,0,0,0,0,0,1.75751,0,0.3339269,0,0.3339269
11:00:00 pm,1,23,47,1.34142,0,0.19,0.12,0,0,0,0,0,1.34142,0,0.2548698,0,0.2548698
12:00:00 am,2,0,48,0.91696,0,0.19,0.12,0,0,0,0,0,0.91696,0,0.1742224,0,0.1742224
1:00:00 am,2,1,49,0.73892,0,0.19,0.12,0,0,0,0,0,0.73892,0,0.1403948,0,0.1403948
2:00:00 am,2,2,50,0.67734,0,0.19,0.12,0,0,0,0,0,0.67734,0,0.1286946,0,0.1286946
3:00:00 am,2,3,51,0.673297,0,0.19,0.12,0,0,0,0,0,0.673297,0,0.12792643,0,0.12792643
4:00:00 am,2,4,52,0.717159,0,0.19,0.12,0,0,0,0,0,0.717159,0,0.13626021,0,0.13626021
5:00:00 am,2,5,53,0.964892,0,0.19,0.12,0,0,0,0,0,0.964892,0,0.18332948,0,0.18332948
6:00:00 am,2,6,54,1.53787,0,0.19,0.12,0,0,0,0,0,1.53787,0,0.2921953,0,0.2921953
7:00:00 am,2,7,55,1.94874,0,0.19,0.12,0,0,0.00E+00,0,0,1.94874,0,0.3702606,0,0.3702606
8:00:00 am,2,8,56,1.86875,1.29991,0.19,0.12,1.29991,0,0,0,0,0.568838,0,0.10807922,0,0.10807922
9:00:00 am,2,9,57,1.62071,2.52908,0.19,0.12,1.62071,0.908366,0,0,0,0,0,0,0,0
10:00:00 am,2,10,58,1.53169,3.29759,0.19,0.12,1.53169,1.7659,0,0,0,0,0,0,0,0
11:00:00 am,2,11,59,1.44656,3.67477,0.19,0.12,1.44656,2.22821,-2.22045E-16,0,0,0,0,0,-2.66454E-17,2.66454E-17
12:00:00 pm,2,12,60,1.3585,3.73424,0.19,0.12,1.3585,2.37574,0,0,0,0,0,0,0,0
1:00:00 pm,2,13,61,1.28937,3.43296,0.19,0.12,1.28937,0.995923,1.14767,0,0,0,0,0,0.1377204,-0.1377204
2:00:00 pm,2,14,62,1.23894,1.65617,0.19,0.12,1.23894,0,0.417224,0,0,0,0,0,0.05006688,-0.05006688
3:00:00 pm,2,15,63,1.31119,1.16598,0.19,0.12,1.16598,0,0,0,0,0.145208,0,0.02758952,0,0.02758952
4:00:00 pm,2,16,64,1.60657,0.128501,0.19,0.12,0.128501,0,0,0,0,1.47807,0,0.2808333,0,0.2808333
5:00:00 pm,2,17,65,2.17192,0,0.19,0.12,0,0,0,0.68515,0,1.48677,0,0.2824863,0,0.2824863
6:00:00 pm,2,18,66,2.58924,0,0.19,0.12,0,0,0,1.10247,0,1.48677,0,0.2824863,0,0.2824863
7:00:00 pm,2,19,67,2.56483,0,0.19,0.12,0,0,0,1.07805,0,1.48677,0,0.2824863,0,0.2824863
8:00:00 pm,2,20,68,2.36469,0,0.19,0.12,0,0,0,0.877915,0,1.48677,0,0.2824863,0,0.2824863
9:00:00 pm,2,21,69,2.13445,0,0.19,0.12,0,0,0,0.647672,0,1.48677,0,0.2824863,0,0.2824863
10:00:00 pm,2,22,70,1.72244,0,0.19,0.12,0,0,0,0.235667,0,1.48677,0,0.2824863,0,0.2824863
11:00:00 pm,2,23,71,1.30464,0,0.19,0.12,0,0,0,0,0,1.30464,0,0.2478816,0,0.2478816
12:00:00 am,3,0,72,0.890701,0,0.19,0.12,0,0,0,0,0,0.890701,0,0.16923319,0,0.16923319
1:00:00 am,3,1,73,0.717073,0,0.19,0.12,0,0,0,0,0,0.717073,0,0.13624387,0,0.13624387
2:00:00 am,3,2,74,0.663338,0,0.19,0.12,0,0,0,0,0,0.663338,0,0.12603422,0,0.12603422
3:00:00 am,3,3,75,0.657544,0,0.19,0.12,0,0,0,0,0,0.657544,0,0.12493336,0,0.12493336
4:00:00 am,3,4,76,0.701241,0,0.19,0.12,0,0,0,0,0,0.701241,0,0.13323579,0,0.13323579
5:00:00 am,3,5,77,0.950872,0,0.19,0.12,0,0,0,0,0,0.950872,0,0.18066568,0,0.18066568
6:00:00 am,3,6,78,1.52595,0,0.19,0.12,0,0,0,0.0391792,0,1.48677,0,0.2824863,0,0.2824863
7:00:00 am,3,7,79,1.93775,0,0.19,0.12,0,0,0,0.450975,0,1.48677,0,0.2824863,0,0.2824863
8:00:00 am,3,8,80,1.86392,0.203566,0.19,0.12,0.203566,0,0,0.173583,0,1.48677,0,0.2824863,0,0.2824863
9:00:00 am,3,9,81,1.59949,0.943736,0.19,0.12,0.943736,0,0,0,0,0.655757,0,0.12459383,0,0.12459383
10:00:00 am,3,10,82,1.48663,2.00306,0.19,0.12,1.48663,0.516428,0,0,0,0,0,0,0,0
11:00:00 am,3,11,83,1.38343,2.24927,0.19,0.12,1.38343,0.865844,0,0,0,0,0,0,0,0
12:00:00 pm,3,12,84,1.29857,2.30585,0.19,0.12,1.29857,1.00728,0,0,0,0,0,0,0,0
1:00:00 pm,3,13,85,1.23676,3.19239,0.19,0.12,1.23676,1.95563,0,0,0,0,0,0,0,0
2:00:00 pm,3,14,86,1.20044,2.55294,0.19,0.12,1.20044,1.3525,0,0,0,0,0,0,0,0
3:00:00 pm,3,15,87,1.27573,1.58071,0.19,0.12,1.27573,0.126274,0.178708,0,0,0,0,0,0.02144496,-0.02144496
4:00:00 pm,3,16,88,1.57981,0.166502,0.19,0.12,0.166502,0,0,0,0,1.41331,0,0.2685289,0,0.2685289
5:00:00 pm,3,17,89,2.15511,0,0.19,0.12,0,0,0,0.668341,0,1.48677,0,0.2824863,0,0.2824863
6:00:00 pm,3,18,90,2.5772,0,0.19,0.12,0,0,0,1.09043,0,1.48677,0,0.2824863,0,0.2824863
7:00:00 pm,3,19,91,2.55427,0,0.19,0.12,0,0,0,1.0675,0,1.48677,0,0.2824863,0,0.2824863
8:00:00 pm,3,20,92,2.34934,0,0.19,0.12,0,0,0,0.86257,0,1.48677,0,0.2824863,0,0.2824863
9:00:00 pm,3,21,93,2.12227,0,0.19,0.12,0,0,0,0.635501,0,1.48677,0,0.2824863,0,0.2824863
10:00:00 pm,3,22,94,1.71534,0,0.19,0.12,0,0,0,0.228568,0,1.48677,0,0.2824863,0,0.2824863
11:00:00 pm,3,23,95,1.30527,0,0.19,0.12,0,0,0,0,0,1.30527,0,0.2480013,0,0.2480013
12:00:00 am,4,0,96,0.891052,0,0.19,0.12,0,0,0,0,0,0.891052,0,0.16929988,0,0.16929988
1:00:00 am,4,1,97,0.720826,0,0.19,0.12,0,0,0,0,0,0.720826,0,0.13695694,0,0.13695694
2:00:00 am,4,2,98,0.664154,0,0.19,0.12,0,0,0,0,0,0.664154,0,0.12618926,0,0.12618926
3:00:00 am,4,3,99,0.660465,0,0.19,0.12,0,0,0,0,0,0.660465,0,0.12548835,0,0.12548835
4:00:00 am,4,4,100,0.705965,0,0.19,0.12,0,0,0,0,0,0.705965,0,0.13413335,0,0.13413335
5:00:00 am,4,5,101,0.952931,0,0.19,0.12,0,0,0,0,0,0.952931,0,0.18105689,0,0.18105689
6:00:00 am,4,6,102,1.53183,0,0.19,0.12,0,0,0,0.0450525,0,1.48677,0,0.2824863,0,0.2824863
7:00:00 am,4,7,103,1.92918,0,0.19,0.12,0,0,0.00E+00,0.442409,0,1.48677,0,0.2824863,0,0.2824863
8:00:00 am,4,8,104,1.85174,0.528706,0.19,0.12,0.528706,0,0,0,0,1.32304,0,0.2513776,0,0.2513776
9:00:00 am,4,9,105,1.59599,2.36072,0.19,0.12,1.59599,0.764727,0,0,0,0,0,0,0,0
10:00:00 am,4,10,106,1.49365,3.12465,0.19,0.12,1.49365,1.631,0,0,0,0,0,0,0,0
11:00:00 am,4,11,107,1.41704,3.53321,0.19,0.12,1.41704,2.11618,0,0,0,0,0,0,0,0
12:00:00 pm,4,12,108,1.32468,3.57466,0.19,0.12,1.32468,1.04622,1.20375,0,0,0,0,0,0.14445,-0.14445
1:00:00 pm,4,13,109,1.2383,3.3034,0.19,0.12,1.2383,0,2.06511,0,0,0,0,0,0.2478132,-0.2478132
2:00:00 pm,4,14,110,1.20201,1.31179,0.19,0.12,1.20201,0,0.10979,0,0,0,0,0,0.0131748,-0.0131748
3:00:00 pm,4,15,111,1.27739,1.74723,0.19,0.12,1.27739,0,0.469841,0,0,0,0,0,0.05638092,-0.05638092
4:00:00 pm,4,16,112,1.58151,0.0872733,0.19,0.12,0.0872733,0,0,0.00746733,0,1.48677,0,0.2824863,0,0.2824863
5:00:00 pm,4,17,113,2.1673,0,0.19,0.12,0,0,0,0.680529,0,1.48677,0,0.2824863,0,0.2824863
6:00:00 pm,4,18,114,2.57963,0,0.19,0.12,0,0,0,1.09286,0,1.48677,0,0.2824863,0,0.2824863
7:00:00 pm,4,19,115,2.55594,0,0.19,0.12,0,0,0,1.06917,0,1.48677,0,0.2824863,0,0.2824863
8:00:00 pm,4,20,116,2.35179,0,0.19,0.12,0,0,0,0.865015,0,1.48677,0,0.2824863,0,0.2824863
9:00:00 pm,4,21,117,2.12612,0,0.19,0.12,0,0,0,0.639345,0,1.48677,0,0.2824863,0,0.2824863
10:00:00 pm,4,22,118,1.71264,0,0.19,0.12,0,0,0,0.225869,0,1.48677,0,0.2824863,0,0.2824863
11:00:00 pm,4,23,119,1.30532,0,0.19,0.12,0,0,0,0,0,1.30532,0,0.2480108,0,0.2480108
12:00:00 am,5,0,120,0.885146,0,0.19,0.12,0,0,0,0,0,0.885146,0,0.16817774,0,0.16817774
1:00:00 am,5,1,121,0.712762,0,0.19,0.12,0,0,0,0,0,0.712762,0,0.13542478,0,0.13542478
2:00:00 am,5,2,122,0.653539,0,0.19,0.12,0,0,0,0,0,0.653539,0,0.12417241,0,0.12417241
3:00:00 am,5,3,123,0.65201,0,0.19,0.12,0,0,0,0,0,0.65201,0,0.1238819,0,0.1238819
4:00:00 am,5,4,124,0.703009,0,0.19,0.12,0,0,0,0,0,0.703009,0,0.13357171,0,0.13357171
5:00:00 am,5,5,125,0.954854,0,0.19,0.12,0,0,0,0,0,0.954854,0,0.18142226,0,0.18142226
6:00:00 am,5,6,126,1.54474,0,0.19,0.12,0,0,0,0.0579656,0,1.48677,0,0.2824863,0,0.2824863
7:00:00 am,5,7,127,1.94258,0,0.19,0.12,0,0,0,0.455809,0,1.48677,0,0.2824863,0,0.2824863
8:00:00 am,5,8,128,1.86669,0.0894988,0.19,0.12,0.0894988,0,0,0.290413,0,1.48677,0,0.2824863,0,0.2824863
9:00:00 am,5,9,129,1.60576,0.00572919,0.19,0.12,0.00572919,0,0,0.113254,0,1.48677,0,0.2824863,0,0.2824863
10:00:00 am,5,10,130,1.50294,1.94755,0.19,0.12,1.50294,0.444609,0,0,0,0,0,0,0,0
11:00:00 am,5,11,131,1.4055,0.805315,0.19,0.12,0.805315,0,0,0,0,0.600188,0,0.11403572,0,0.11403572
12:00:00 pm,5,12,132,1.30981,2.01786,0.19,0.12,1.30981,0.70805,0,0,0,0,0,0,0,0
1:00:00 pm,5,13,133,1.23901,1.85161,0.19,0.12,1.23901,0.612597,0,0,0,0,0,0,0,0
2:00:00 pm,5,14,134,1.20261,1.57527,0.19,0.12,1.20261,0.372656,0,0,0,0,0,0,0,0
3:00:00 pm,5,15,135,1.27926,0.768175,0.19,0.12,0.768175,0,0,0,0,0.511082,0,0.09710558,0,0.09710558
4:00:00 pm,5,16,136,1.58942,0.417756,0.19,0.12,0.417756,0,0,0,0,1.17166,0,0.2226154,0,0.2226154
5:00:00 pm,5,17,137,2.18817,0,0.19,0.12,0,0,0,0.701399,0,1.48677,0,0.2824863,0,0.2824863
6:00:00 pm,5,18,138,2.59934,0,0.19,0.12,0,0,0,1.11257,0,1.48677,0,0.2824863,0,0.2824863
7:00:00 pm,5,19,139,2.5792,0,0.19,0.12,0,0,0,1.09243,0,1.48677,0,0.2824863,0,0.2824863
8:00:00 pm,5,20,140,2.38604,0,0.19,0.12,0,0,0,0.899266,0,1.48677,0,0.2824863,0,0.2824863
9:00:00 pm,5,21,141,2.16419,0,0.19,0.12,0,0,0,0.170867,0,1.99332,0,0.3787308,0,0.3787308
10:00:00 pm,5,22,142,1.75755,0,0.19,0.12,0,0,0,0,0,1.75755,0,0.3339345,0,0.3339345
11:00:00 pm,5,23,143,1.34827,0,0.19,0.12,0,0,0,0,0,1.34827,0,0.2561713,0,0.2561713
12:00:00 am,6,0,144,0.948202,0,0.19,0.12,0,0,0,0,0,0.948202,0,0.18015838,0,0.18015838
1:00:00 am,6,1,145,0.768202,0,0.19,0.12,0,0,0,0,0,0.768202,0,0.14595838,0,0.14595838
2:00:00 am,6,2,146,0.708664,0,0.19,0.12,0,0,0,0,0,0.708664,0,0.13464616,0,0.13464616
3:00:00 am,6,3,147,0.705827,0,0.19,0.12,0,0,0,0,0,0.705827,0,0.13410713,0,0.13410713
4:00:00 am,6,4,148,0.765686,0,0.19,0.12,0,0,0,0,0,0.765686,0,0.14548034,0,0.14548034
5:00:00 am,6,5,149,1.03182,0,0.19,0.12,0,0,0,0,0,1.03182,0,0.1960458,0,0.1960458
6:00:00 am,6,6,150,1.666,0,0.19,0.12,0,0,0,0,0,1.666,0,0.31654,0,0.31654
7:00:00 am,6,7,151,2.08956,0,0.19,0.12,0,0,0,0,0,2.08956,0,0.3970164,0,0.3970164
8:00:00 am,6,8,152,2.03504,1.22076,0.19,0.12,1.22076,0,0,0,0,0.814282,0,0.15471358,0,0.15471358
9:00:00 am,6,9,153,1.78218,2.37465,0.19,0.12,1.78218,0.592466,0,0,0,0,0,0,0,0
10:00:00 am,6,10,154,1.68932,3.10518,0.19,0.12,1.68932,1.41586,0,0,0,0,0,0,0,0
11:00:00 am,6,11,155,1.56725,2.51662,0.19,0.12,1.56725,0.949364,0,0,0,0,0,0,0,0
12:00:00 pm,6,12,156,1.45275,3.52114,0.19,0.12,1.45275,2.06839,0,0,0,0,0,0,0,0
1:00:00 pm,6,13,157,1.36744,2.51425,0.19,0.12,1.36744,1.14681,0,0,0,0,0,0,0,0
2:00:00 pm,6,14,158,1.33528,1.87295,0.19,0.12,1.33528,0.537666,0,0,0,0,0,0,0,0
3:00:00 pm,6,15,159,1.41159,1.21265,0.19,0.12,1.21265,0,0,0,0,0.198945,0,0.03779955,0,0.03779955
4:00:00 pm,6,16,160,1.73272,0.435806,0.19,0.12,0.435806,0,0,0,0,1.29691,0,0.2464129,0,0.2464129
5:00:00 pm,6,17,161,2.34658,0,0.19,0.12,0,0,0,0.859804,0,1.48677,0,0.2824863,0,0.2824863
6:00:00 pm,6,18,162,2.76513,0,0.19,0.12,0,0,0,1.27836,0,1.48677,0,0.2824863,0,0.2824863
7:00:00 pm,6,19,163,2.75345,0,0.19,0.12,0,0,0,1.26667,0,1.48677,0,0.2824863,0,0.2824863
8:00:00 pm,6,20,164,2.55339,0,0.19,0.12,0,0,0,1.06662,0,1.48677,0,0.2824863,0,0.2824863
9:00:00 pm,6,21,165,2.31862,0,0.19,0.12,0,0,0,0.831847,0,1.48677,0,0.2824863,0,0.2824863
10:00:00 pm,6,22,166,1.89427,0,0.19,0.12,0,0,0,0.407494,0,1.48677,0,0.2824863,0,0.2824863
11:00:00 pm,6,23,167,1.45384,0,0.19,0.12,0,0,0,0,0,1.45384,0,0.2762296,0,0.2762296
12:00:00 am,0,0,168,1.01435,0,0.19,0.12,0,0,0,0,0,1.01435,0,0.1927265,0,0.1927265
1:00:00 am,0,1,169,0.837767,0,0.19,0.12,0,0,0,0,0,0.837767,0,0.15917573,0,0.15917573
2:00:00 am,0,2,170,0.780936,0,0.19,0.12,0,0,0,0,0,0.780936,0,0.14837784,0,0.14837784
3:00:00 am,0,3,171,0.777448,0,0.19,0.12,0,0,0,0,0,0.777448,0,0.14771512,0,0.14771512
4:00:00 am,0,4,172,0.834707,0,0.19,0.12,0,0,0,0,0,0.834707,0,0.15859433,0,0.15859433
5:00:00 am,0,5,173,1.10612,0,0.19,0.12,0,0,0,0,0,1.10612,0,0.2101628,0,0.2101628
6:00:00 am,0,6,174,1.72422,0,0.19,0.12,0,0,0,0.237443,0,1.48677,0,0.2824863,0,0.2824863
7:00:00 am,0,7,175,2.17017,0,0.19,0.12,0,0,0,0.173962,0,1.99621,0,0.3792799,0,0.3792799
8:00:00 am,0,8,176,2.09012,1.07333,0.19,0.12,1.07333,0,0,0,0,1.01679,0,0.1931901,0,0.1931901
9:00:00 am,0,9,177,1.82331,0.928292,0.19,0.12,0.928292,0,0,0,0,0.895017,0,0.17005323,0,0.17005323
10:00:00 am,0,10,178,1.73124,0.603555,0.19,0.12,0.603555,0,0,0,0,1.12768,0,0.2142592,0,0.2142592
11:00:00 am,0,11,179,1.60429,0.436754,0.19,0.12,0.436754,0,0,0,0,1.16753,0,0.2218307,0,0.2218307
12:00:00 pm,0,12,180,1.48344,0.0615125,0.19,0.12,0.0615125,0,0,0,0,1.42193,0,0.2701667,0,0.2701667
1:00:00 pm,0,13,181,1.41513,1.00522,0.19,0.12,1.00522,0,0,0,0,0.409911,0,0.07788309,0,0.07788309
2:00:00 pm,0,14,182,1.3716,2.80779,0.19,0.12,1.3716,1.43619,0,0,0,0,0,0,0,0
3:00:00 pm,0,15,183,1.44645,1.75309,0.19,0.12,1.44645,0.306642,0,0,0,0,0,0,0,0
4:00:00 pm,0,16,184,1.76118,0.438112,0.19,0.12,0.438112,0,0,0,0,1.32306,0,0.2513814,0,0.2513814
5:00:00 pm,0,17,185,2.37265,0,0.19,0.12,0,0,0,0.885872,0,1.48677,0,0.2824863,0,0.2824863
6:00:00 pm,0,18,186,2.78074,0,0.19,0.12,0,0,0,0.711826,0,2.06892,0,0.3930948,0,0.3930948
7:00:00 pm,0,19,187,2.76121,0,0.19,0.12,0,0,0,0,0,2.76121,0,0.5246299,0,0.5246299
8:00:00 pm,0,20,188,2.5598,0,0.19,0.12,0,0,0,0,0,2.5598,0,0.486362,0,0.486362
9:00:00 pm,0,21,189,2.3196,0,0.19,0.12,0,0,0,0,0,2.3196,0,0.440724,0,0.440724
10:00:00 pm,0,22,190,1.88821,0,0.19,0.12,0,0,0,0,0,1.88821,0,0.3587599,0,0.3587599
11:00:00 pm,0,23,191,1.44338,0,0.19,0.12,0,0,0,0,0,1.44338,0,0.2742422,0,0.2742422
12:00:00 am,1,0,192,0.978811,0,0.19,0.12,0,0,0,0,0,0.978811,0,0.18597409,0,0.18597409
1:00:00 am,1,1,193,0.803179,0,0.19,0.12,0,0,0,0,0,0.803179,0,0.15260401,0,0.15260401
2:00:00 am,1,2,194,0.743291,0,0.19,0.12,0,0,0,0,0,0.743291,0,0.14122529,0,0.14122529
3:00:00 am,1,3,195,0.737548,0,0.19,0.12,0,0,0,0,0,0.737548,0,0.14013412,0,0.14013412
4:00:00 am,1,4,196,0.782583,0,0.19,0.12,0,0,0,0,0,0.782583,0,0.14869077,0,0.14869077
5:00:00 am,1,5,197,1.03392,0,0.19,0.12,0,0,0,0,0,1.03392,0,0.1964448,0,0.1964448
6:00:00 am,1,6,198,1.64019,0,0.19,0.12,0,0,0,0,0,1.64019,0,0.3116361,0,0.3116361
7:00:00 am,1,7,199,2.05175,0,0.19,0.12,0,0,0,0,0,2.05175,0,0.3898325,0,0.3898325
8:00:00 am,1,8,200,1.96614,1.25085,0.19,0.12,1.25085,0,0,0,0,0.715286,0,0.13590434,0,0.13590434
9:00:00 am,1,9,201,1.70672,2.45066,0.19,0.12,1.70672,0.743935,0,0,0,0,0,0,0,0
10:00:00 am,1,10,202,1.63878,3.25586,0.19,0.12,1.63878,1.61708,1.62093E-14,0,0,0,0,0,1.94512E-15,-1.94512E-15
11:00:00 am,1,11,203,1.53589,3.68519,0.19,0.12,1.53589,2.1493,0,0,0,0,0,0,0,0
12:00:00 pm,1,12,204,1.44164,3.74721,0.19,0.12,1.44164,2.30557,-2.22045E-16,0,0,0,0,0,-2.66454E-17,2.66454E-17
1:00:00 pm,1,13,205,1.37268,3.48673,0.19,0.12,1.37268,1.45729,0.656749,0,0,0,0,0,0.07880988,-0.07880988
2:00:00 pm,1,14,206,1.33497,2.90849,0.19,0.12,1.33497,0,1.57352,0,0,0,0,0,0.1888224,-0.1888224
3:00:00 pm,1,15,207,1.41129,1.96234,0.19,0.12,1.41129,0,0.551053,0,0,0,0,0,0.06612636,-0.06612636
4:00:00 pm,1,16,208,1.7152,0.590322,0.19,0.12,0.590322,0,0,0,0,1.12487,0,0.2137253,0,0.2137253
5:00:00 pm,1,17,209,2.32034,0,0.19,0.12,0,0,0,0.833569,0,1.48677,0,0.2824863,0,0.2824863
6:00:00 pm,1,18,210,2.74146,0,0.19,0.12,0,0,0,1.25469,0,1.48677,0,0.2824863,0,0.2824863
7:00:00 pm,1,19,211,2.68646,0,0.19,0.12,0,0,0,1.19968,0,1.48677,0,0.2824863,0,0.2824863
8:00:00 pm,1,20,212,2.47471,0,0.19,0.12,0,0,0,0.987934,0,1.48677,0,0.2824863,0,0.2824863
9:00:00 pm,1,21,213,2.24247,0,0.19,0.12,0,0,0,0.755697,0,1.48677,0,0.2824863,0,0.2824863
10:00:00 pm,1,22,214,1.82717,0,0.19,0.12,0,0,0,0.340398,0,1.48677,0,0.2824863,0,0.2824863
11:00:00 pm,1,23,215,1.40945,0,0.19,0.12,0,0,0,0,0,1.40945,0,0.2677955,0,0.2677955
12:00:00 am,2,0,216,0.987465,0,0.19,0.12,0,0,0,0,0,0.987465,0,0.18761835,0,0.18761835
1:00:00 am,2,1,217,0.812356,0,0.19,0.12,0,0,0,0,0,0.812356,0,0.15434764,0,0.15434764
2:00:00 am,2,2,218,0.752663,0,0.19,0.12,0,0,0,0,0,0.752663,0,0.14300597,0,0.14300597
3:00:00 am,2,3,219,0.745667,0,0.19,0.12,0,0,0,0,0,0.745667,0,0.14167673,0,0.14167673
4:00:00 am,2,4,220,0.787755,0,0.19,0.12,0,0,0,0,0,0.787755,0,0.14967345,0,0.14967345
5:00:00 am,2,5,221,1.03658,0,0.19,0.12,0,0,0,0,0,1.03658,0,0.1969502,0,0.1969502
6:00:00 am,2,6,222,1.61242,0,0.19,0.12,0,0,0,0.125644,0,1.48677,0,0.2824863,0,0.2824863
7:00:00 am,2,7,223,2.03229,0,0.19,0.12,0,0,0.00E+00,0.545519,0,1.48677,0,0.2824863,0,0.2824863
8:00:00 am,2,8,224,1.94991,1.35684,0.19,0.12,1.35684,0,0,0,0,0.593069,0,0.11268311,0,0.11268311
9:00:00 am,2,9,225,1.6825,2.55348,0.19,0.12,1.6825,0.870981,0,0,0,0,0,0,0,0
10:00:00 am,2,10,226,1.5789,3.32114,0.19,0.12,1.5789,1.74224,0,0,0,0,0,0,0,0
11:00:00 am,2,11,227,1.49036,3.74094,0.19,0.12,1.49036,2.25058,0,0,0,0,0,0,0,0
12:00:00 pm,2,12,228,1.40304,3.81425,0.19,0.12,1.40304,1.80724,0.603967,0,0,0,0,0,0.07247604,-0.07247604
1:00:00 pm,2,13,229,1.33998,3.55123,0.19,0.12,1.33998,0,2.21125,0,0,0,0,0,0.26535,-0.26535
2:00:00 pm,2,14,230,1.29489,2.91446,0.19,0.12,1.29489,0,1.61957,0,0,0,0,0,0.1943484,-0.1943484
3:00:00 pm,2,15,231,1.36754,1.97351,0.19,0.12,1.36754,0,0.605969,0,0,0,0,0,0.07271628,-0.07271628
4:00:00 pm,2,16,232,1.67341,0.617552,0.19,0.12,0.617552,0,0,0,0,1.05586,0,0.2006134,0,0.2006134
5:00:00 pm,2,17,233,2.27378,0,0.19,0.12,0,0,0,0.78701,0,1.48677,0,0.2824863,0,0.2824863
6:00:00 pm,2,18,234,2.67216,0,0.19,0.12,0,0,0,1.18539,0,1.48677,0,0.2824863,0,0.2824863
7:00:00 pm,2,19,235,2.64638,0,0.19,0.12,0,0,0,1.15961,0,1.48677,0,0.2824863,0,0.2824863
8:00:00 pm,2,20,236,2.44888,0,0.19,0.12,0,0,0,0.96211,0,1.48677,0,0.2824863,0,0.2824863
9:00:00 pm,2,21,237,2.21889,0,0.19,0.12,0,0,0,0.73212,0,1.48677,0,0.2824863,0,0.2824863
10:00:00 pm,2,22,238,1.80259,0,0.19,0.12,0,0,0,0.315812,0,1.48677,0,0.2824863,0,0.2824863
11:00:00 pm,2,23,239,1.39472,0,0.19,0.12,0,0,0,0,0,1.39472,0,0.2649968,0,0.2649968
12:00:00 am,3,0,240,0.982585,0,0.19,0.12,0,0,0,0,0,0.982585,0,0.18669115,0,0.18669115
1:00:00 am,3,1,241,0.825166,0,0.19,0.12,0,0,0,0,0,0.825166,0,0.15678154,0,0.15678154
2:00:00 am,3,2,242,0.762955,0,0.19,0.12,0,0,0,0,0,0.762955,0,0.14496145,0,0.14496145
3:00:00 am,3,3,243,0.75754,0,0.19,0.12,0,0,0,0,0,0.75754,0,0.1439326,0,0.1439326
4:00:00 am,3,4,244,0.810265,0,0.19,0.12,0,0,0,0,0,0.810265,0,0.15395035,0,0.15395035
5:00:00 am,3,5,245,1.06582,0,0.19,0.12,0,0,0,0,0,1.06582,0,0.2025058,0,0.2025058
6:00:00 am,3,6,246,1.67044,0,0.19,0.12,0,0,0,0.183669,0,1.48677,0,0.2824863,0,0.2824863
7:00:00 am,3,7,247,2.06512,0,0.19,0.12,0,0,0,0.578346,0,1.48677,0,0.2824863,0,0.2824863
8:00:00 am,3,8,248,1.98328,1.30234,0.19,0.12,1.30234,0,0,0,0,0.680938,0,0.12937822,0,0.12937822
9:00:00 am,3,9,249,1.71312,2.46249,0.19,0.12,1.71312,0.749369,0,0,0,0,0,0,0,0
10:00:00 am,3,10,250,1.6213,3.21582,0.19,0.12,1.6213,1.59452,0,0,0,0,0,0,0,0
11:00:00 am,3,11,251,1.50239,3.63177,0.19,0.12,1.50239,2.12939,-2.22045E-16,0,0,0,0,0,-2.66454E-17,2.66454E-17
12:00:00 pm,3,12,252,1.39669,3.71352,0.19,0.12,1.39669,2.04567,0.271156,0,0,0,0,0,0.03253872,-0.03253872
1:00:00 pm,3,13,253,1.32811,3.44059,0.19,0.12,1.32811,0,2.11248,0,0,0,0,0,0.2534976,-0.2534976
2:00:00 pm,3,14,254,1.28392,2.83623,0.19,0.12,1.28392,0,1.55231,0,0,0,0,0,0.1862772,-0.1862772
3:00:00 pm,3,15,255,1.36901,1.30321,0.19,0.12,1.30321,0,0,0,0,0.0658047,0,0.012502893,0,0.012502893
4:00:00 pm,3,16,256,1.68857,0.168698,0.19,0.12,0.168698,0,0,0.0330967,0,1.48677,0,0.2824863,0,0.2824863
5:00:00 pm,3,17,257,2.30713,0,0.19,0.12,0,0,0,0.820361,0,1.48677,0,0.2824863,0,0.2824863
6:00:00 pm,3,18,258,2.70517,0,0.19,0.12,0,0,0,1.2184,0,1.48677,0,0.2824863,0,0.2824863
7:00:00 pm,3,19,259,2.68363,0,0.19,0.12,0,0,0,1.19686,0,1.48677,0,0.2824863,0,0.2824863
8:00:00 pm,3,20,260,2.48736,0,0.19,0.12,0,0,0,1.00058,0,1.48677,0,0.2824863,0,0.2824863
9:00:00 pm,3,21,261,2.26486,0,0.19,0.12,0,0,0,0.778088,0,1.48677,0,0.2824863,0,0.2824863
10:00:00 pm,3,22,262,1.86313,0,0.19,0.12,0,0,0,0.376361,0,1.48677,0,0.2824863,0,0.2824863
11:00:00 pm,3,23,263,1.4503,0,0.19,0.12,0,0,0,0,0,1.4503,0,0.275557,0,0.275557
12:00:00 am,4,0,264,1.03837,0,0.19,0.12,0,0,0,0,0,1.03837,0,0.1972903,0,0.1972903
1:00:00 am,4,1,265,0.866745,0,0.19,0.12,0,0,0,0,0,0.866745,0,0.16468155,0,0.16468155
2:00:00 am,4,2,266,0.811631,0,0.19,0.12,0,0,0,0,0,0.811631,0,0.15420989,0,0.15420989
3:00:00 am,4,3,267,0.809109,0,0.19,0.12,0,0,0,0,0,0.809109,0,0.15373071,0,0.15373071
4:00:00 am,4,4,268,0.85699,0,0.19,0.12,0,0,0,0,0,0.85699,0,0.1628281,0,0.1628281
5:00:00 am,4,5,269,1.10849,0,0.19,0.12,0,0,0,0,0,1.10849,0,0.2106131,0,0.2106131
6:00:00 am,4,6,270,1.688,0,0.19,0.12,0,0,0,0.20123,0,1.48677,0,0.2824863,0,0.2824863
7:00:00 am,4,7,271,2.11492,0,0.19,0.12,0,0,0,0.628145,0,1.48677,0,0.2824863,0,0.2824863
8:00:00 am,4,8,272,2.01823,0.579994,0.19,0.12,0.579994,0,0,0,0,1.43824,0,0.2732656,0,0.2732656
9:00:00 am,4,9,273,1.74909,1.00986,0.19,0.12,1.00986,0,0,0,0,0.739227,0,0.14045313,0,0.14045313
10:00:00 am,4,10,274,1.65489,1.26581,0.19,0.12,1.26581,0,0,0,0,0.389081,0,0.07392539,0,0.07392539
11:00:00 am,4,11,275,1.52897,1.3964,0.19,0.12,1.3964,0,0,0,0,0.132564,0,0.02518716,0,0.02518716
12:00:00 pm,4,12,276,1.42039,1.37405,0.19,0.12,1.37405,0,0,0,0,0.0463449,0,0.008805531,0,0.008805531
1:00:00 pm,4,13,277,1.34051,1.73848,0.19,0.12,1.34051,0.397975,0,0,0,0,0,0,0,0
2:00:00 pm,4,14,278,1.297,2.75461,0.19,0.12,1.297,1.45761,3.55271E-15,0,0,0,0,0,4.26325E-16,-4.26325E-16
3:00:00 pm,4,15,279,1.37891,1.82006,0.19,0.12,1.37891,0.441146,0,0,0,0,0,0,0,0
4:00:00 pm,4,16,280,1.69969,0.563448,0.19,0.12,0.563448,0,0,0,0,1.13624,0,0.2158856,0,0.2158856
5:00:00 pm,4,17,281,2.31913,0,0.19,0.12,0,0,0,0.83236,0,1.48677,0,0.2824863,0,0.2824863
6:00:00 pm,4,18,282,2.71823,0,0.19,0.12,0,0,0,1.23146,0,1.48677,0,0.2824863,0,0.2824863
7:00:00 pm,4,19,283,2.70154,0,0.19,0.12,0,0,0,1.21476,0,1.48677,0,0.2824863,0,0.2824863
8:00:00 pm,4,20,284,2.50535,0,0.19,0.12,0,0,0,0.0800243,0,2.42533,0,0.4608127,0,0.4608127
9:00:00 pm,4,21,285,2.28678,0,0.19,0.12,0,0,0,0,0,2.28678,0,0.4344882,0,0.4344882
10:00:00 pm,4,22,286,1.88423,0,0.19,0.12,0,0,0,0,0,1.88423,0,0.3580037,0,0.3580037
11:00:00 pm,4,23,287,1.47077,0,0.19,0.12,0,0,0,0,0,1.47077,0,0.2794463,0,0.2794463
12:00:00 am,5,0,288,1.05253,0,0.19,0.12,0,0,0,0,0,1.05253,0,0.1999807,0,0.1999807
1:00:00 am,5,1,289,0.880974,0,0.19,0.12,0,0,0,0,0,0.880974,0,0.16738506,0,0.16738506
2:00:00 am,5,2,290,0.822868,0,0.19,0.12,0,0,0,0,0,0.822868,0,0.15634492,0,0.15634492
3:00:00 am,5,3,291,0.820627,0,0.19,0.12,0,0,0,0,0,0.820627,0,0.15591913,0,0.15591913
4:00:00 am,5,4,292,0.867444,0,0.19,0.12,0,0,0,0,0,0.867444,0,0.16481436,0,0.16481436
5:00:00 am,5,5,293,1.12319,0,0.19,0.12,0,0,0,0,0,1.12319,0,0.2134061,0,0.2134061
6:00:00 am,5,6,294,1.70689,0,0.19,0.12,0,0,0,0,0,1.70689,0,0.3243091,0,0.3243091
7:00:00 am,5,7,295,2.13018,0,0.19,0.12,0,0,0.00E+00,0,0,2.13018,0,0.4047342,0,0.4047342
8:00:00 am,5,8,296,2.02697,0.306129,0.19,0.12,0.306129,0,0,0,0,1.72084,0,0.3269596,0,0.3269596
9:00:00 am,5,9,297,1.74825,1.35269,0.19,0.12,1.35269,0,0,0,0,0.395559,0,0.07515621,0,0.07515621
10:00:00 am,5,10,298,1.65491,1.99672,0.19,0.12,1.65491,0.341811,0,0,0,0,0,0,0,0
11:00:00 am,5,11,299,1.53046,1.99903,0.19,0.12,1.53046,0.468574,0,0,0,0,0,0,0,0
12:00:00 pm,5,12,300,1.41899,2.02714,0.19,0.12,1.41899,0.608155,0,0,0,0,0,0,0,0
1:00:00 pm,5,13,301,1.34176,3.37247,0.19,0.12,1.34176,2.03071,-2.22045E-16,0,0,0,0,0,-2.66454E-17,2.66454E-17
2:00:00 pm,5,14,302,1.29758,2.78281,0.19,0.12,1.29758,1.48523,0,0,0,0,0,0,0,0
3:00:00 pm,5,15,303,1.37884,1.85528,0.19,0.12,1.37884,0.476449,0,0,0,0,0,0,0,0
4:00:00 pm,5,16,304,1.70002,0.646857,0.19,0.12,0.646857,0,0,0,0,1.05316,0,0.2001004,0,0.2001004
5:00:00 pm,5,17,305,2.31597,0,0.19,0.12,0,0,0,0.829192,0,1.48677,0,0.2824863,0,0.2824863
6:00:00 pm,5,18,306,2.71204,0,0.19,0.12,0,0,0,1.22527,0,1.48677,0,0.2824863,0,0.2824863
7:00:00 pm,5,19,307,2.69219,0,0.19,0.12,0,0,0,1.20542,0,1.48677,0,0.2824863,0,0.2824863
8:00:00 pm,5,20,308,2.49845,0,0.19,0.12,0,0,0,1.01167,0,1.48677,0,0.2824863,0,0.2824863
9:00:00 pm,5,21,309,2.27942,0,0.19,0.12,0,0,0,0.67235,0,1.60707,0,0.3053433,0,0.3053433
10:00:00 pm,5,22,310,1.88413,0,0.19,0.12,0,0,0,0,0,1.88413,0,0.3579847,0,0.3579847
11:00:00 pm,5,23,311,1.47416,0,0.19,0.12,0,0,0,0,0,1.47416,0,0.2800904,0,0.2800904
12:00:00 am,6,0,312,1.07027,0,0.19,0.12,0,0,0,0,0,1.07027,0,0.2033513,0,0.2033513
1:00:00 am,6,1,313,0.88763,0,0.19,0.12,0,0,0,0,0,0.88763,0,0.1686497,0,0.1686497
2:00:00 am,6,2,314,0.828774,0,0.19,0.12,0,0,0,0,0,0.828774,0,0.15746706,0,0.15746706
3:00:00 am,6,3,315,0.824015,0,0.19,0.12,0,0,0,0,0,0.824015,0,0.15656285,0,0.15656285
4:00:00 am,6,4,316,0.876421,0,0.19,0.12,0,0,0,0,0,0.876421,0,0.16651999,0,0.16651999
5:00:00 am,6,5,317,1.14838,0,0.19,0.12,0,0,0,0,0,1.14838,0,0.2181922,0,0.2181922
6:00:00 am,6,6,318,1.77503,0,0.19,0.12,0,0,0,0,0,1.77503,0,0.3372557,0,0.3372557
7:00:00 am,6,7,319,2.19928,0,0.19,0.12,0,0,0.00E+00,0,0,2.19928,0,0.4178632,0,0.4178632
8:00:00 am,6,8,320,2.12258,1.21396,0.19,0.12,1.21396,0,0,0,0,0.908626,0,0.17263894,0,0.17263894
9:00:00 am,6,9,321,1.84589,2.33932,0.19,0.12,1.84589,0.493429,0.00E+00,0,0,0,0,0,0,0
10:00:00 am,6,10,322,1.74236,3.0669,0.19,0.12,1.74236,1.32455,0,0,0,0,0,0,0,0
11:00:00 am,6,11,323,1.60737,3.47166,0.19,0.12,1.60737,1.86429,0,0,0,0,0,0,0,0
12:00:00 pm,6,12,324,1.48528,3.56996,0.19,0.12,1.48528,2.08468,0,0,0,0,0,0,0,0
1:00:00 pm,6,13,325,1.39751,3.34002,0.19,0.12,1.39751,1.94251,0,0,0,0,0,0,0,0
2:00:00 pm,6,14,326,1.34419,2.78393,0.19,0.12,1.34419,0.555414,0.884324,0,0,0,0,0,0.10611888,-0.10611888
3:00:00 pm,6,15,327,1.42233,1.90104,0.19,0.12,1.42233,0,0.478708,0,0,0,0,0,0.05744496,-0.05744496
4:00:00 pm,6,16,328,1.74817,0.432512,0.19,0.12,0.432512,0,0,0,0,1.31566,0,0.2499754,0,0.2499754
5:00:00 pm,6,17,329,2.36991,0,0.19,0.12,0,0,0,0.883136,0,1.48677,0,0.2824863,0,0.2824863
6:00:00 pm,6,18,330,2.78568,0,0.19,0.12,0,0,0,1.29891,0,1.48677,0,0.2824863,0,0.2824863
7:00:00 pm,6,19,331,2.77182,0,0.19,0.12,0,0,0,1.28505,0,1.48677,0,0.2824863,0,0.2824863
8:00:00 pm,6,20,332,2.57196,0,0.19,0.12,0,0,0,1.08519,0,1.48677,0,0.2824863,0,0.2824863
9:00:00 pm,6,21,333,2.33808,0,0.19,0.12,0,0,0,0.85131,0,1.48677,0,0.2824863,0,0.2824863
10:00:00 pm,6,22,334,1.91742,0,0.19,0.12,0,0,0,0.430649,0,1.48677,0,0.2824863,0,0.2824863
11:00:00 pm,6,23,335,1.47475,0,0.19,0.12,0,0,0,0,0,1.47475,0,0.2802025,0,0.2802025
12:00:00 am,0,0,336,1.02846,0,0.19,0.12,0,0,0,0,0,1.02846,0,0.1954074,0,0.1954074
1:00:00 am,0,1,337,0.850603,0,0.19,0.12,0,0,0,0,0,0.850603,0,0.16161457,0,0.16161457
2:00:00 am,0,2,338,0.790982,0,0.19,0.12,0,0,0,0,0,0.790982,0,0.15028658,0,0.15028658
3:00:00 am,0,3,339,0.792361,0,0.19,0.12,0,0,0,0,0,0.792361,0,0.15054859,0,0.15054859
4:00:00 am,0,4,340,0.848065,0,0.19,0.12,0,0,0,0,0,0.848065,0,0.16113235,0,0.16113235
5:00:00 am,0,5,341,1.12092,0,0.19,0.12,0,0,0,0,0,1.12092,0,0.2129748,0,0.2129748
6:00:00 am,0,6,342,1.76925,0,0.19,0.12,0,0,0,0.282475,0,1.48677,0,0.2824863,0,0.2824863
7:00:00 am,0,7,343,2.18185,0,0.19,0.12,0,0,0,0.695078,0,1.48677,0,0.2824863,0,0.2824863
8:00:00 am,0,8,344,2.10988,1.18697,0.19,0.12,1.18697,0,0,0,0,0.92291,0,0.1753529,0,0.1753529
9:00:00 am,0,9,345,1.85388,2.29309,0.19,0.12,1.85388,0.439208,0,0,0,0,0,0,0,0
10:00:00 am,0,10,346,1.76591,2.99551,0.19,0.12,1.76591,1.22961,0,0,0,0,0,0,0,0
11:00:00 am,0,11,347,1.63293,3.33176,0.19,0.12,1.63293,1.69883,0,0,0,0,0,0,0,0
12:00:00 pm,0,12,348,1.52262,2.67148,0.19,0.12,1.52262,1.14886,0,0,0,0,0,0,0,0
1:00:00 pm,0,13,349,1.44146,0.297001,0.19,0.12,0.297001,0,0,0,0,1.14446,0,0.2174474,0,0.2174474
2:00:00 pm,0,14,350,1.37876,1.64408,0.19,0.12,1.37876,0.265324,0,0,0,0,0,0,0,0
3:00:00 pm,0,15,351,1.45378,0.851675,0.19,0.12,0.851675,0,0,0,0,0.602104,0,0.11439976,0,0.11439976
4:00:00 pm,0,16,352,1.76304,0.5786,0.19,0.12,0.5786,0,0,0,0,1.18444,0,0.2250436,0,0.2250436
5:00:00 pm,0,17,353,2.37194,0,0.19,0.12,0,0,0,0.885169,0,1.48677,0,0.2824863,0,0.2824863
6:00:00 pm,0,18,354,2.78242,0,0.19,0.12,0,0,0,1.29564,0,1.48677,0,0.2824863,0,0.2824863
7:00:00 pm,0,19,355,2.76564,0,0.19,0.12,0,0,0,1.27886,0,1.48677,0,0.2824863,0,0.2824863
8:00:00 pm,0,20,356,2.56399,0,0.19,0.12,0,0,0,1.07721,0,1.48677,0,0.2824863,0,0.2824863
9:00:00 pm,0,21,357,2.32463,0,0.19,0.12,0,0,0,0.525935,0,1.7987,0,0.341753,0,0.341753
10:00:00 pm,0,22,358,1.8913,0,0.19,0.12,0,0,0,0,0,1.8913,0,0.359347,0,0.359347
11:00:00 pm,0,23,359,1.44094,0,0.19,0.12,0,0,0,0,0,1.44094,0,0.2737786,0,0.2737786
12:00:00 am,1,0,360,0.970822,0,0.19,0.12,0,0,0,0,0,0.970822,0,0.18445618,0,0.18445618
1:00:00 am,1,1,361,0.793519,0,0.19,0.12,0,0,0,0,0,0.793519,0,0.15076861,0,0.15076861
2:00:00 am,1,2,362,0.73346,0,0.19,0.12,0,0,0,0,0,0.73346,0,0.1393574,0,0.1393574
3:00:00 am,1,3,363,0.729946,0,0.19,0.12,0,0,0,0,0,0.729946,0,0.13868974,0,0.13868974
4:00:00 am,1,4,364,0.776052,0,0.19,0.12,0,0,0,0,0,0.776052,0,0.14744988,0,0.14744988
5:00:00 am,1,5,365,1.02514,0,0.19,0.12,0,0,0,0,0,1.02514,0,0.1947766,0,0.1947766
6:00:00 am,1,6,366,1.60649,0,0.19,0.12,0,0,0,0,0,1.60649,0,0.3052331,0,0.3052331
7:00:00 am,1,7,367,2.02525,0,0.19,0.12,0,0,0,0,0,2.02525,0,0.3847975,0,0.3847975
8:00:00 am,1,8,368,1.94327,0.349635,0.19,0.12,0.349635,0,0,0,0,1.59364,0,0.3027916,0,0.3027916
9:00:00 am,1,9,369,1.68513,1.17531,0.19,0.12,1.17531,0,0,0,0,0.509814,0,0.09686466,0,0.09686466
10:00:00 am,1,10,370,1.57214,1.6884,0.19,0.12,1.57214,0.116267,0,0,0,0,0,0,0,0
11:00:00 am,1,11,371,1.46292,1.9721,0.19,0.12,1.46292,0.509179,0,0,0,0,0,0,0,0
12:00:00 pm,1,12,372,1.37609,2.02253,0.19,0.12,1.37609,0.646441,0,0,0,0,0,0,0,0
1:00:00 pm,1,13,373,1.29974,1.73923,0.19,0.12,1.29974,0.439495,0,0,0,0,0,0,0,0
2:00:00 pm,1,14,374,1.24898,1.59885,0.19,0.12,1.24898,0.349866,0,0,0,0,0,0,0,0
3:00:00 pm,1,15,375,1.3367,1.00288,0.19,0.12,1.00288,0,0,0,0,0.333821,0,0.06342599,0,0.06342599
4:00:00 pm,1,16,376,1.65216,0.377936,0.19,0.12,0.377936,0,0,0,0,1.27422,0,0.2421018,0,0.2421018
5:00:00 pm,1,17,377,2.27106,0,0.19,0.12,0,0,0,0.78429,0,1.48677,0,0.2824863,0,0.2824863
6:00:00 pm,1,18,378,2.69152,0,0.19,0.12,0,0,0,1.1079,0,1.58363,0,0.3008897,0,0.3008897
7:00:00 pm,1,19,379,2.68734,0,0.19,0.12,0,0,0,0,0,2.68734,0,0.5105946,0,0.5105946
8:00:00 pm,1,20,380,2.48901,0,0.19,0.12,0,0,0,0,0,2.48901,0,0.4729119,0,0.4729119
9:00:00 pm,1,21,381,2.28003,0,0.19,0.12,0,0,0,0,0,2.28003,0,0.4332057,0,0.4332057
10:00:00 pm,1,22,382,1.86722,0,0.19,0.12,0,0,0,0,0,1.86722,0,0.3547718,0,0.3547718
11:00:00 pm,1,23,383,1.46598,0,0.19,0.12,0,0,0,0,0,1.46598,0,0.2785362,0,0.2785362
12:00:00 am,2,0,384,1.05106,0,0.19,0.12,0,0,0,0,0,1.05106,0,0.1997014,0,0.1997014
1:00:00 am,2,1,385,0.882704,0,0.19,0.12,0,0,0,0,0,0.882704,0,0.16771376,0,0.16771376
2:00:00 am,2,2,386,0.833053,0,0.19,0.12,0,0,0,0,0,0.833053,0,0.15828007,0,0.15828007
3:00:00 am,2,3,387,0.840286,0,0.19,0.12,0,0,0,0,0,0.840286,0,0.15965434,0,0.15965434
4:00:00 am,2,4,388,0.891793,0,0.19,0.12,0,0,0,0,0,0.891793,0,0.16944067,0,0.16944067
5:00:00 am,2,5,389,1.15428,0,0.19,0.12,0,0,0,0,0,1.15428,0,0.2193132,0,0.2193132
6:00:00 am,2,6,390,1.76119,0,0.19,0.12,0,0,0,0,0,1.76119,0,0.3346261,0,0.3346261
7:00:00 am,2,7,391,2.17319,0,0.19,0.12,0,0,0,0,0,2.17319,0,0.4129061,0,0.4129061
8:00:00 am,2,8,392,2.0834,0,0.19,0.12,0,0,0,0,0,2.0834,0,0.395846,0,0.395846
9:00:00 am,2,9,393,1.81475,0.0513442,0.19,0.12,0.0513442,0,0,0,0,1.76341,0,0.3350479,0,0.3350479
10:00:00 am,2,10,394,1.73465,0.145276,0.19,0.12,0.145276,0,0,0,0,1.58937,0,0.3019803,0,0.3019803
11:00:00 am,2,11,395,1.59928,0.183269,0.19,0.12,0.183269,0,0,0,0,1.41601,0,0.2690419,0,0.2690419
12:00:00 pm,2,12,396,1.4883,0.0543848,0.19,0.12,0.0543848,0,0,0,0,1.43392,0,0.2724448,0,0.2724448
1:00:00 pm,2,13,397,1.41546,0.126592,0.19,0.12,0.126592,0,0,0,0,1.28887,0,0.2448853,0,0.2448853
2:00:00 pm,2,14,398,1.36904,0.105652,0.19,0.12,0.105652,0,0,0,0,1.26339,0,0.2400441,0,0.2400441
3:00:00 pm,2,15,399,1.4477,0.278028,0.19,0.12,0.278028,0,0,0,0,1.16967,0,0.2222373,0,0.2222373
4:00:00 pm,2,16,400,1.76291,0,0.19,0.12,0,0,0,0,0,1.76291,0,0.3349529,0,0.3349529
5:00:00 pm,2,17,401,2.38141,0,0.19,0.12,0,0,0,0,0,2.38141,0,0.4524679,0,0.4524679
6:00:00 pm,2,18,402,2.77246,0,0.19,0.12,0,0,0,0,0,2.77246,0,0.5267674,0,0.5267674
7:00:00 pm,2,19,403,2.75284,0,0.19,0.12,0,0,0,0,0,2.75284,0,0.5230396,0,0.5230396
8:00:00 pm,2,20,404,2.55706,0,0.19,0.12,0,0,0,0,0,2.55706,0,0.4858414,0,0.4858414
9:00:00 pm,2,21,405,2.33095,0,0.19,0.12,0,0,0,0,0,2.33095,0,0.4428805,0,0.4428805
10:00:00 pm,2,22,406,1.92182,0,0.19,0.12,0,0,0,0,0,1.92182,0,0.3651458,0,0.3651458
11:00:00 pm,2,23,407,1.50784,0,0.19,0.12,0,0,0,0,0,1.50784,0,0.2864896,0,0.2864896
12:00:00 am,3,0,408,1.08814,0,0.19,0.12,0,0,0,0,0,1.08814,0,0.2067466,0,0.2067466
1:00:00 am,3,1,409,0.913655,0,0.19,0.12,0,0,0,0,0,0.913655,0,0.17359445,0,0.17359445
2:00:00 am,3,2,410,0.857156,0,0.19,0.12,0,0,0,0,0,0.857156,0,0.16285964,0,0.16285964
3:00:00 am,3,3,411,0.853891,0,0.19,0.12,0,0,0,0,0,0.853891,0,0.16223929,0,0.16223929
4:00:00 am,3,4,412,0.896437,0,0.19,0.12,0,0,0,0,0,0.896437,0,0.17032303,0,0.17032303
5:00:00 am,3,5,413,1.14797,0,0.19,0.12,0,0,0,0,0,1.14797,0,0.2181143,0,0.2181143
6:00:00 am,3,6,414,1.73145,0,0.19,0.12,0,0,0,0,0,1.73145,0,0.3289755,0,0.3289755
7:00:00 am,3,7,415,2.1586,0,0.19,0.12,0,0,0,0,0,2.1586,0,0.410134,0,0.410134
8:00:00 am,3,8,416,2.05781,1.1947,0.19,0.12,1.1947,0,0,0,0,0.863103,0,0.16398957,0,0.16398957
9:00:00 am,3,9,417,1.79597,2.32847,0.19,0.12,1.79597,0.532505,0,0,0,0,0,0,0,0
10:00:00 am,3,10,418,1.72786,3.08342,0.19,0.12,1.72786,1.35557,0,0,0,0,0,0,0,0
11:00:00 am,3,11,419,1.61671,3.44531,0.19,0.12,1.61671,1.8286,0,0,0,0,0,0,0,0
12:00:00 pm,3,12,420,1.53247,3.51806,0.19,0.12,1.53247,1.9856,0,0,0,0,0,0,0,0
1:00:00 pm,3,13,421,1.47761,3.28567,0.19,0.12,1.47761,1.80806,0,0,0,0,0,0,0,0
2:00:00 pm,3,14,422,1.43724,2.74716,0.19,0.12,1.43724,0.749649,0.56027,0,0,0,0,0,0.0672324,-0.0672324
3:00:00 pm,3,15,423,1.51658,1.88503,0.19,0.12,1.51658,0,0.368448,0,0,0,0,0,0.04421376,-0.04421376
4:00:00 pm,3,16,424,1.81827,0.709377,0.19,0.12,0.709377,0,0,0,0,1.10889,0,0.2106891,0,0.2106891
5:00:00 pm,3,17,425,2.43144,0,0.19,0.12,0,0,0,0.887599,0,1.54384,0,0.2933296,0,0.2933296
6:00:00 pm,3,18,426,2.81654,0,0.19,0.12,0,0,0,1.2727,0,1.54384,0,0.2933296,0,0.2933296
7:00:00 pm,3,19,427,2.78632,0,0.19,0.12,0,0,0,1.24249,0,1.54384,0,0.2933296,0,0.2933296
8:00:00 pm,3,20,428,2.58391,0,0.19,0.12,0,0,0,1.04008,0,1.54384,0,0.2933296,0,0.2933296
9:00:00 pm,3,21,429,2.35618,0,0.19,0.12,0,0,0,0.812343,0,1.54384,0,0.2933296,0,0.2933296
10:00:00 pm,3,22,430,1.94448,0,0.19,0.12,0,0,0,0.40064,0,1.54384,0,0.2933296,0,0.2933296
11:00:00 pm,3,23,431,1.52906,0,0.19,0.12,0,0,0,0,0,1.52906,0,0.2905214,0,0.2905214
12:00:00 am,4,0,432,1.10814,0,0.19,0.12,0,0,0,0,0,1.10814,0,0.2105466,0,0.2105466
1:00:00 am,4,1,433,0.93695,0,0.19,0.12,0,0,0,0,0,0.93695,0,0.1780205,0,0.1780205
2:00:00 am,4,2,434,0.878264,0,0.19,0.12,0,0,0,0,0,0.878264,0,0.16687016,0,0.16687016
3:00:00 am,4,3,435,0.876043,0,0.19,0.12,0,0,0,0,0,0.876043,0,0.16644817,0,0.16644817
4:00:00 am,4,4,436,0.922633,0,0.19,0.12,0,0,0,0,0,0.922633,0,0.17530027,0,0.17530027
5:00:00 am,4,5,437,1.17517,0,0.19,0.12,0,0,0,0,0,1.17517,0,0.2232823,0,0.2232823
6:00:00 am,4,6,438,1.75888,0,0.19,0.12,0,0,0,0.215044,0,1.54384,0,0.2933296,0,0.2933296
7:00:00 am,4,7,439,2.18901,0,0.19,0.12,0,0,0,0.645172,0,1.54384,0,0.2933296,0,0.2933296
8:00:00 am,4,8,440,2.07453,0.0870179,0.19,0.12,0.0870179,0,0,0.443669,0,1.54384,0,0.2933296,0,0.2933296
9:00:00 am,4,9,441,1.782,2.22313,0.19,0.12,1.782,0.441129,0,0,0,0,0,0,0,0
10:00:00 am,4,10,442,1.68614,1.96663,0.19,0.12,1.68614,0.28049,0,0,0,0,0,0,0,0
11:00:00 am,4,11,443,1.55386,2.26181,0.19,0.12,1.55386,0.70795,0,0,0,0,0,0,0,0
12:00:00 pm,4,12,444,1.44247,3.41407,0.19,0.12,1.44247,1.97161,0,0,0,0,0,0,0,0
1:00:00 pm,4,13,445,1.35965,2.52653,0.19,0.12,1.35965,1.16688,0,0,0,0,0,0,0,0
2:00:00 pm,4,14,446,1.31714,1.85332,0.19,0.12,1.31714,0.536181,0,0,0,0,0,0,0,0
3:00:00 pm,4,15,447,1.39717,1.71013,0.19,0.12,1.39717,0.312965,0,0,0,0,0,0,0,0
4:00:00 pm,4,16,448,1.71687,0.134939,0.19,0.12,0.134939,0,0,0.038093,0,1.54384,0,0.2933296,0,0.2933296
5:00:00 pm,4,17,449,2.34254,0,0.19,0.12,0,0,0,0.798697,0,1.54384,0,0.2933296,0,0.2933296
6:00:00 pm,4,18,450,2.73897,0,0.19,0.12,0,0,0,1.19514,0,1.54384,0,0.2933296,0,0.2933296
7:00:00 pm,4,19,451,2.7173,0,0.19,0.12,0,0,0,1.17346,0,1.54384,0,0.2933296,0,0.2933296
8:00:00 pm,4,20,452,2.52043,0,0.19,0.12,0,0,0,0.976597,0,1.54384,0,0.2933296,0,0.2933296
9:00:00 pm,4,21,453,2.29826,0,0.19,0.12,0,0,0,0.754427,0,1.54384,0,0.2933296,0,0.2933296
10:00:00 pm,4,22,454,1.88668,0,0.19,0.12,0,0,0,0.342842,0,1.54384,0,0.2933296,0,0.2933296
11:00:00 pm,4,23,455,1.47133,0,0.19,0.12,0,0,0,0,0,1.47133,0,0.2795527,0,0.2795527
12:00:00 am,5,0,456,1.05017,0,0.19,0.12,0,0,0,0,0,1.05017,0,0.1995323,0,0.1995323
1:00:00 am,5,1,457,0.874795,0,0.19,0.12,0,0,0,0,0,0.874795,0,0.16621105,0,0.16621105
2:00:00 am,5,2,458,0.817931,0,0.19,0.12,0,0,0,0,0,0.817931,0,0.15540689,0,0.15540689
3:00:00 am,5,3,459,0.809758,0,0.19,0.12,0,0,0,0,0,0.809758,0,0.15385402,0,0.15385402
4:00:00 am,5,4,460,0.853867,0,0.19,0.12,0,0,0,0,0,0.853867,0,0.16223473,0,0.16223473
5:00:00 am,5,5,461,1.10857,0,0.19,0.12,0,0,0,0,0,1.10857,0,0.2106283,0,0.2106283
6:00:00 am,5,6,462,1.69332,0,0.19,0.12,0,0,0,0.149484,0,1.54384,0,0.2933296,0,0.2933296
7:00:00 am,5,7,463,2.0978,0,0.19,0.12,0,0,0.00E+00,0.0703916,0,2.02741,0,0.3852079,0,0.3852079
8:00:00 am,5,8,464,2.01798,0.274657,0.19,0.12,0.274657,0,0.00E+00,0,0,1.74332,0,0.3312308,0,0.3312308
9:00:00 am,5,9,465,1.75931,0.427123,0.19,0.12,0.427123,0,0,0,0,1.33219,0,0.2531161,0,0.2531161
10:00:00 am,5,10,466,1.67743,0.519127,0.19,0.12,0.519127,0,0.00E+00,0,0,1.15831,0,0.2200789,0,0.2200789
11:00:00 am,5,11,467,1.55313,1.06267,0.19,0.12,1.06267,0,0,0,0,0.490453,0,0.09318607,0,0.09318607
12:00:00 pm,5,12,468,1.44483,2.37104,0.19,0.12,1.44483,0.92621,0,0,0,0,0,0,0,0
1:00:00 pm,5,13,469,1.35622,1.76186,0.19,0.12,1.35622,0.40564,0,0,0,0,0,0,0,0
2:00:00 pm,5,14,470,1.30763,2.43112,0.19,0.12,1.30763,1.12348,0,0,0,0,0,0,0,0
3:00:00 pm,5,15,471,1.36636,1.30651,0.19,0.12,1.30651,0,0,0,0,0.0598477,0,0.011371063,0,0.011371063
4:00:00 pm,5,16,472,1.67969,0.368064,0.19,0.12,0.368064,0,0,0,0,1.31163,0,0.2492097,0,0.2492097
5:00:00 pm,5,17,473,2.28383,0,0.19,0.12,0,0,0,0.739989,0,1.54384,0,0.2933296,0,0.2933296
6:00:00 pm,5,18,474,2.68705,0,0.19,0.12,0,0,0,1.14321,0,1.54384,0,0.2933296,0,0.2933296
7:00:00 pm,5,19,475,2.65322,0,0.19,0.12,0,0,0,0.36849,0,2.28473,0,0.4340987,0,0.4340987
8:00:00 pm,5,20,476,2.45632,0,0.19,0.12,0,0,0,0,0,2.45632,0,0.4667008,0,0.4667008
9:00:00 pm,5,21,477,2.23112,0,0.19,0.12,0,0,0,0,0,2.23112,0,0.4239128,0,0.4239128
10:00:00 pm,5,22,478,1.81775,0,0.19,0.12,0,0,0,0,0,1.81775,0,0.3453725,0,0.3453725
11:00:00 pm,5,23,479,1.40001,0,0.19,0.12,0,0,0,0,0,1.40001,0,0.2660019,0,0.2660019
12:00:00 am,6,0,480,0.995452,0,0.19,0.12,0,0,0,0,0,0.995452,0,0.18913588,0,0.18913588
1:00:00 am,6,1,481,0.813959,0,0.19,0.12,0,0,0,0,0,0.813959,0,0.15465221,0,0.15465221
2:00:00 am,6,2,482,0.755456,0,0.19,0.12,0,0,0,0,0,0.755456,0,0.14353664,0,0.14353664
3:00:00 am,6,3,483,0.746631,0,0.19,0.12,0,0,0,0,0,0.746631,0,0.14185989,0,0.14185989
4:00:00 am,6,4,484,0.802433,0,0.19,0.12,0,0,0,0,0,0.802433,0,0.15246227,0,0.15246227
5:00:00 am,6,5,485,1.07536,0,0.19,0.12,0,0,0,0,0,1.07536,0,0.2043184,0,0.2043184
6:00:00 am,6,6,486,1.71762,0,0.19,0.12,0,0,0,0,0,1.71762,0,0.3263478,0,0.3263478
7:00:00 am,6,7,487,2.15125,0,0.19,0.12,0,0,0.00E+00,0,0,2.15125,0,0.4087375,0,0.4087375
8:00:00 am,6,8,488,2.0669,0.57474,0.19,0.12,0.57474,0,0,0,0,1.49216,0,0.2835104,0,0.2835104
9:00:00 am,6,9,489,1.79528,2.46695,0.19,0.12,1.79528,0.671665,0.00E+00,0,0,0,0,0,0,0
10:00:00 am,6,10,490,1.68945,2.3968,0.19,0.12,1.68945,0.707349,0,0,0,0,0,0,0,0
11:00:00 am,6,11,491,1.5638,2.55655,0.19,0.12,1.5638,0.992745,0,0,0,0,0,0,0,0
12:00:00 pm,6,12,492,1.45008,2.66298,0.19,0.12,1.45008,1.21289,0,0,0,0,0,0,0,0
1:00:00 pm,6,13,493,1.3652,2.72734,0.19,0.12,1.3652,1.36214,0,0,0,0,0,0,0,0
2:00:00 pm,6,14,494,1.31522,2.11315,0.19,0.12,1.31522,0.797932,0,0,0,0,0,0,0,0
3:00:00 pm,6,15,495,1.3879,1.45129,0.19,0.12,1.3879,0.0633974,0,0,0,0,0,0,0,0
4:00:00 pm,6,16,496,1.70814,0.103413,0.19,0.12,0.103413,0,0,0.0608859,0,1.54384,0,0.2933296,0,0.2933296
5:00:00 pm,6,17,497,2.33065,0,0.19,0.12,0,0,0,0.786809,0,1.54384,0,0.2933296,0,0.2933296
6:00:00 pm,6,18,498,2.75471,0,0.19,0.12,0,0,0,1.21087,0,1.54384,0,0.2933296,0,0.2933296
7:00:00 pm,6,19,499,2.74841,0,0.19,0.12,0,0,0,1.20457,0,1.54384,0,0.2933296,0,0.2933296
8:00:00 pm,6,20,500,2.55385,0,0.19,0.12,0,0,0,1.01001,0,1.54384,0,0.2933296,0,0.2933296
9:00:00 pm,6,21,501,2.32217,0,0.19,0.12,0,0,0,0.778337,0,1.54384,0,0.2933296,0,0.2933296
10:00:00 pm,6,22,502,1.89576,0,0.19,0.12,0,0,0,0.260483,0,1.63527,0,0.3107013,0,0.3107013
11:00:00 pm,6,23,503,1.45305,0,0.19,0.12,0,0,0,0,0,1.45305,0,0.2760795,0,0.2760795
12:00:00 am,0,0,504,1.00577,0,0.19,0.12,0,0,0,0,0,1.00577,0,0.1910963,0,0.1910963
1:00:00 am,0,1,505,0.826211,0,0.19,0.12,0,0,0,0,0,0.826211,0,0.15698009,0,0.15698009
2:00:00 am,0,2,506,0.76569,0,0.19,0.12,0,0,0,0,0,0.76569,0,0.1454811,0,0.1454811
3:00:00 am,0,3,507,0.759789,0,0.19,0.12,0,0,0,0,0,0.759789,0,0.14435991,0,0.14435991
4:00:00 am,0,4,508,0.808451,0,0.19,0.12,0,0,0,0,0,0.808451,0,0.15360569,0,0.15360569
5:00:00 am,0,5,509,1.0786,0,0.19,0.12,0,0,0,0,0,1.0786,0,0.204934,0,0.204934
6:00:00 am,0,6,510,1.71873,0,0.19,0.12,0,0,0,0,0,1.71873,0,0.3265587,0,0.3265587
7:00:00 am,0,7,511,2.13351,0,0.19,0.12,0,0,0,0,0,2.13351,0,0.4053669,0,0.4053669
8:00:00 am,0,8,512,2.07031,0.0089368,0.19,0.12,0.0089368,0,0,0,0,2.06137,0,0.3916603,0,0.3916603
9:00:00 am,0,9,513,1.8179,0.212573,0.19,0.12,0.212573,0,0,0,0,1.60532,0,0.3050108,0,0.3050108
10:00:00 am,0,10,514,1.72303,0.254773,0.19,0.12,0.254773,0,0,0,0,1.46826,0,0.2789694,0,0.2789694
11:00:00 am,0,11,515,1.61675,0.204741,0.19,0.12,0.204741,0,0,0,0,1.41201,0,0.2682819,0,0.2682819
12:00:00 pm,0,12,516,1.50468,0.156315,0.19,0.12,0.156315,0,0,0,0,1.34836,0,0.2561884,0,0.2561884
1:00:00 pm,0,13,517,1.42151,0.260543,0.19,0.12,0.260543,0,0,0,0,1.16097,0,0.2205843,0,0.2205843
2:00:00 pm,0,14,518,1.37122,1.42382,0.19,0.12,1.37122,0.0525946,0,0,0,0,0,0,0,0
3:00:00 pm,0,15,519,1.44066,0.782333,0.19,0.12,0.782333,0,0,0,0,0.658327,0,0.12508213,0,0.12508213
4:00:00 pm,0,16,520,1.74291,0.562636,0.19,0.12,0.562636,0,0,0,0,1.18027,0,0.2242513,0,0.2242513
5:00:00 pm,0,17,521,2.31863,0,0.19,0.12,0,0,0,0.0484578,0,2.27017,0,0.4313323,0,0.4313323
6:00:00 pm,0,18,522,2.75235,0,0.19,0.12,0,0,0,0,0,2.75235,0,0.5229465,0,0.5229465
7:00:00 pm,0,19,523,2.73871,0,0.19,0.12,0,0,0,0,0,2.73871,0,0.5203549,0,0.5203549
8:00:00 pm,0,20,524,2.53376,0,0.19,0.12,0,0,0,0,0,2.53376,0,0.4814144,0,0.4814144
9:00:00 pm,0,21,525,2.29354,0,0.19,0.12,0,0,0,0,0,2.29354,0,0.4357726,0,0.4357726
10:00:00 pm,0,22,526,1.86067,0,0.19,0.12,0,0,0,0,0,1.86067,0,0.3535273,0,0.3535273
11:00:00 pm,0,23,527,1.40487,0,0.19,0.12,0,0,0,0,0,1.40487,0,0.2669253,0,0.2669253
12:00:00 am,1,0,528,0.934048,0,0.19,0.12,0,0,0,0,0,0.934048,0,0.17746912,0,0.17746912
1:00:00 am,1,1,529,0.757309,0,0.19,0.12,0,0,0,0,0,0.757309,0,0.14388871,0,0.14388871
2:00:00 am,1,2,530,0.694891,0,0.19,0.12,0,0,0,0,0,0.694891,0,0.13202929,0,0.13202929
3:00:00 am,1,3,531,0.690347,0,0.19,0.12,0,0,0,0,0,0.690347,0,0.13116593,0,0.13116593
4:00:00 am,1,4,532,0.733392,0,0.19,0.12,0,0,0,0,0,0.733392,0,0.13934448,0,0.13934448
5:00:00 am,1,5,533,0.98615,0,0.19,0.12,0,0,0,0,0,0.98615,0,0.1873685,0,0.1873685
6:00:00 am,1,6,534,1.56776,0,0.19,0.12,0,0,0,0,0,1.56776,0,0.2978744,0,0.2978744
7:00:00 am,1,7,535,1.98374,0.0668154,0.19,0.12,0.0668154,0,0,0,0,1.91693,0,0.3642167,0,0.3642167
8:00:00 am,1,8,536,1.89971,1.34786,0.19,0.12,1.34786,0,0,0,0,0.551853,0,0.10485207,0,0.10485207
9:00:00 am,1,9,537,1.64459,2.48876,0.19,0.12,1.64459,0.844172,0,0,0,0,0,0,0,0
10:00:00 am,1,10,538,1.53767,3.18999,0.19,0.12,1.53767,1.65232,0,0,0,0,0,0,0,0
11:00:00 am,1,11,539,1.44385,3.58719,0.19,0.12,1.44385,2.14334,-2.22045E-16,0,0,0,0,0,-2.66454E-17,2.66454E-17
12:00:00 pm,1,12,540,1.35035,3.68012,0.19,0.12,1.35035,2.32978,2.22045E-16,0,0,0,0,0,2.66454E-17,-2.66454E-17
1:00:00 pm,1,13,541,1.27589,2.39352,0.19,0.12,1.27589,1.11763,0,0,0,0,0,0,0,0
2:00:00 pm,1,14,542,1.23705,2.9525,0.19,0.12,1.23705,0.180213,1.53524,0,0,0,0,0,0.1842288,-0.1842288
3:00:00 pm,1,15,543,1.3178,1.2916,0.19,0.12,1.2916,0,0,0,0,0.0261993,0,0.004977867,0,0.004977867
4:00:00 pm,1,16,544,1.62934,0.429257,0.19,0.12,0.429257,0,0,0,0,1.20008,0,0.2280152,0,0.2280152
5:00:00 pm,1,17,545,2.23835,0,0.19,0.12,0,0,0,0.694513,0,1.54384,0,0.2933296,0,0.2933296
6:00:00 pm,1,18,546,2.64927,0,0.19,0.12,0,0,0,1.10544,0,1.54384,0,0.2933296,0,0.2933296
7:00:00 pm,1,19,547,2.62755,0,0.19,0.12,0,0,0,1.08371,0,1.54384,0,0.2933296,0,0.2933296
8:00:00 pm,1,20,548,2.42983,0,0.19,0.12,0,0,0,0.885989,0,1.54384,0,0.2933296,0,0.2933296
9:00:00 pm,1,21,549,2.20607,0,0.19,0.12,0,0,0,0.66223,0,1.54384,0,0.2933296,0,0.2933296
10:00:00 pm,1,22,550,1.79551,0,0.19,0.12,0,0,0,0.25167,0,1.54384,0,0.2933296,0,0.2933296
11:00:00 pm,1,23,551,1.38206,0,0.19,0.12,0,0,0,0,0,1.38206,0,0.2625914,0,0.2625914
12:00:00 am,2,0,552,0.966073,0,0.19,0.12,0,0,0,0,0,0.966073,0,0.18355387,0,0.18355387
1:00:00 am,2,1,553,0.791928,0,0.19,0.12,0,0,0,0,0,0.791928,0,0.15046632,0,0.15046632
2:00:00 am,2,2,554,0.738668,0,0.19,0.12,0,0,0,0,0,0.738668,0,0.14034692,0,0.14034692
3:00:00 am,2,3,555,0.737936,0,0.19,0.12,0,0,0,0,0,0.737936,0,0.14020784,0,0.14020784
4:00:00 am,2,4,556,0.787216,0,0.19,0.12,0,0,0,0,0,0.787216,0,0.14957104,0,0.14957104
5:00:00 am,2,5,557,1.0461,0,0.19,0.12,0,0,0,0,0,1.0461,0,0.198759,0,0.198759
6:00:00 am,2,6,558,1.63157,0,0.19,0.12,0,0,0,0.0877281,0,1.54384,0,0.2933296,0,0.2933296
7:00:00 am,2,7,559,2.05276,0,0.19,0.12,0,0,0,0.508921,0,1.54384,0,0.2933296,0,0.2933296
8:00:00 am,2,8,560,1.96879,0,0.19,0.12,0,0,0,0.424949,0,1.54384,0,0.2933296,0,0.2933296
9:00:00 am,2,9,561,1.71512,0.094097,0.19,0.12,0.094097,0,0,0.0771837,0,1.54384,0,0.2933296,0,0.2933296
10:00:00 am,2,10,562,1.63857,0.0675545,0.19,0.12,0.0675545,0,0,0.0271788,0,1.54384,0,0.2933296,0,0.2933296
11:00:00 am,2,11,563,1.53544,0.160842,0.19,0.12,0.160842,0,0,0,0,1.3746,0,0.261174,0,0.261174
12:00:00 pm,2,12,564,1.4397,0.320719,0.19,0.12,0.320719,0,0,0,0,1.11898,0,0.2126062,0,0.2126062
1:00:00 pm,2,13,565,1.37202,0.216463,0.19,0.12,0.216463,0,0,0,0,1.15556,0,0.2195564,0,0.2195564
2:00:00 pm,2,14,566,1.33178,0.217385,0.19,0.12,0.217385,0,0,0,0,1.11439,0,0.2117341,0,0.2117341
3:00:00 pm,2,15,567,1.40307,0.118422,0.19,0.12,0.118422,0,0,0,0,1.28464,0,0.2440816,0,0.2440816
4:00:00 pm,2,16,568,1.70129,0.0233198,0.19,0.12,0.0233198,0,0,0.134131,0,1.54384,0,0.2933296,0,0.2933296
5:00:00 pm,2,17,569,2.26798,0,0.19,0.12,0,0,0,0.724144,0,1.54384,0,0.2933296,0,0.2933296
6:00:00 pm,2,18,570,2.70732,0,0.19,0.12,0,0,0,0.846841,0,1.86048,0,0.3534912,0,0.3534912
7:00:00 pm,2,19,571,2.65308,0,0.19,0.12,0,0,0,0,0,2.65308,0,0.5040852,0,0.5040852
8:00:00 pm,2,20,572,2.4433,0,0.19,0.12,0,0,0,0,0,2.4433,0,0.464227,0,0.464227
9:00:00 pm,2,21,573,2.21979,0,0.19,0.12,0,0,0,0,0,2.21979,0,0.4217601,0,0.4217601
10:00:00 pm,2,22,574,1.80151,0,0.19,0.12,0,0,0,0,0,1.80151,0,0.3422869,0,0.3422869
11:00:00 pm,2,23,575,1.38287,0,0.19,0.12,0,0,0,0,0,1.38287,0,0.2627453,0,0.2627453
12:00:00 am,3,0,576,0.959787,0,0.19,0.12,0,0,0,0,0,0.959787,0,0.18235953,0,0.18235953
1:00:00 am,3,1,577,0.785282,0,0.19,0.12,0,0,0,0,0,0.785282,0,0.14920358,0,0.14920358
2:00:00 am,3,2,578,0.724715,0,0.19,0.12,0,0,0,0,0,0.724715,0,0.13769585,0,0.13769585
3:00:00 am,3,3,579,0.71796,0,0.19,0.12,0,0,0,0,0,0.71796,0,0.1364124,0,0.1364124
4:00:00 am,3,4,580,0.764159,0,0.19,0.12,0,0,0,0,0,0.764159,0,0.14519021,0,0.14519021
5:00:00 am,3,5,581,1.01445,0,0.19,0.12,0,0,0,0,0,1.01445,0,0.1927455,0,0.1927455
6:00:00 am,3,6,582,1.59786,0,0.19,0.12,0,0,0,0,0,1.59786,0,0.3035934,0,0.3035934
7:00:00 am,3,7,583,1.99887,0,0.19,0.12,0,0,0,0,0,1.99887,0,0.3797853,0,0.3797853
8:00:00 am,3,8,584,1.92402,0.28199,0.19,0.12,0.28199,0,0,0,0,1.64203,0,0.3119857,0,0.3119857
9:00:00 am,3,9,585,1.66821,0.137345,0.19,0.12,0.137345,0,0,0,0,1.53087,0,0.2908653,0,0.2908653
10:00:00 am,3,10,586,1.57851,0.445542,0.19,0.12,0.445542,0,0,0,0,1.13297,0,0.2152643,0,0.2152643
11:00:00 am,3,11,587,1.47476,0.811258,0.19,0.12,0.811258,0,0,0,0,0.6635,0,0.126065,0,0.126065
12:00:00 pm,3,12,588,1.37966,3.54134,0.19,0.12,1.37966,2.16168,2.22045E-16,0,0,0,0,0,2.66454E-17,-2.66454E-17
1:00:00 pm,3,13,589,1.30911,1.53939,0.19,0.12,1.30911,0.23028,0,0,0,0,0,0,0,0
2:00:00 pm,3,14,590,1.26354,0.405696,0.19,0.12,0.405696,0,0,0,0,0.857842,0,0.16298998,0,0.16298998
3:00:00 pm,3,15,591,1.3309,2.00792,0.19,0.12,1.3309,0.677017,0,0,0,0,0,0,0,0
4:00:00 pm,3,16,592,1.64286,0,0.19,0.12,0,0,0,0.0990264,0,1.54384,0,0.2933296,0,0.2933296
5:00:00 pm,3,17,593,2.24052,0,0.19,0.12,0,0,0,0.696685,0,1.54384,0,0.2933296,0,0.2933296
6:00:00 pm,3,18,594,2.65002,0,0.19,0.12,0,0,0,1.10618,0,1.54384,0,0.2933296,0,0.2933296
7:00:00 pm,3,19,595,2.63054,0,0.19,0.12,0,0,0,0.906509,0,1.72403,0,0.3275657,0,0.3275657
8:00:00 pm,3,20,596,2.43348,0,0.19,0.12,0,0,0,0,0,2.43348,0,0.4623612,0,0.4623612
9:00:00 pm,3,21,597,2.21002,0,0.19,0.12,0,0,0,0,0,2.21002,0,0.4199038,0,0.4199038
10:00:00 pm,3,22,598,1.80242,0,0.19,0.12,0,0,0,0,0,1.80242,0,0.3424598,0,0.3424598
11:00:00 pm,3,23,599,1.38719,0,0.19,0.12,0,0,0,0,0,1.38719,0,0.2635661,0,0.2635661
12:00:00 am,4,0,600,0.970456,0,0.19,0.12,0,0,0,0,0,0.970456,0,0.18438664,0,0.18438664
1:00:00 am,4,1,601,0.810327,0,0.19,0.12,0,0,0,0,0,0.810327,0,0.15396213,0,0.15396213
2:00:00 am,4,2,602,0.753974,0,0.19,0.12,0,0,0,0,0,0.753974,0,0.14325506,0,0.14325506
3:00:00 am,4,3,603,0.751419,0,0.19,0.12,0,0,0,0,0,0.751419,0,0.14276961,0,0.14276961
4:00:00 am,4,4,604,0.802862,0,0.19,0.12,0,0,0,0,0,0.802862,0,0.15254378,0,0.15254378
5:00:00 am,4,5,605,1.05769,0,0.19,0.12,0,0,0,0,0,1.05769,0,0.2009611,0,0.2009611
6:00:00 am,4,6,606,1.66119,0,0.19,0.12,0,0,0,0,0,1.66119,0,0.3156261,0,0.3156261
7:00:00 am,4,7,607,2.07124,0.0642058,0.19,0.12,0.0642058,0,0,0,0,2.00704,0,0.3813376,0,0.3813376
8:00:00 am,4,8,608,1.98039,0.73083,0.19,0.12,0.73083,0,0,0,0,1.24956,0,0.2374164,0,0.2374164
9:00:00 am,4,9,609,1.7124,0.583291,0.19,0.12,0.583291,0,0,0,0,1.12911,0,0.2145309,0,0.2145309
10:00:00 am,4,10,610,1.62856,1.28003,0.19,0.12,1.28003,0,0,0,0,0.348528,0,0.06622032,0,0.06622032
11:00:00 am,4,11,611,1.52719,1.6317,0.19,0.12,1.52719,0.104514,6.28957E-10,0,0,0,0,0,7.54748E-11,-7.54748E-11
12:00:00 pm,4,12,612,1.43354,1.38805,0.19,0.12,1.38805,0,0,0,0,0.0454941,0,0.008643879,0,0.008643879
1:00:00 pm,4,13,613,1.36958,0.820207,0.19,0.12,0.820207,0,0,0,0,0.549371,0,0.10438049,0,0.10438049
2:00:00 pm,4,14,614,1.33203,0.34552,0.19,0.12,0.34552,0,0,0,0,0.986506,0,0.18743614,0,0.18743614
3:00:00 pm,4,15,615,1.41023,0.22719,0.19,0.12,0.22719,0,0,0,0,1.18304,0,0.2247776,0,0.2247776
4:00:00 pm,4,16,616,1.71443,0.121214,0.19,0.12,0.121214,0,0,0.0493778,0,1.54384,0,0.2933296,0,0.2933296
5:00:00 pm,4,17,617,2.32397,0,0.19,0.12,0,0,0,0.0469025,0,2.27707,0,0.4326433,0,0.4326433
6:00:00 pm,4,18,618,2.71463,0,0.19,0.12,0,0,0,0,0,2.71463,0,0.5157797,0,0.5157797
7:00:00 pm,4,19,619,2.6852,0,0.19,0.12,0,0,0,0,0,2.6852,0,0.510188,0,0.510188
8:00:00 pm,4,20,620,2.48244,0,0.19,0.12,0,0,0,0,0,2.48244,0,0.4716636,0,0.4716636
9:00:00 pm,4,21,621,2.25285,0,0.19,0.12,0,0,0,0,0,2.25285,0,0.4280415,0,0.4280415
10:00:00 pm,4,22,622,1.83941,0,0.19,0.12,0,0,0,0,0,1.83941,0,0.3494879,0,0.3494879
11:00:00 pm,4,23,623,1.42115,0,0.19,0.12,0,0,0,0,0,1.42115,0,0.2700185,0,0.2700185
12:00:00 am,5,0,624,0.998268,0,0.19,0.12,0,0,0,0,0,0.998268,0,0.18967092,0,0.18967092
1:00:00 am,5,1,625,0.82314,0,0.19,0.12,0,0,0,0,0,0.82314,0,0.1563966,0,0.1563966
2:00:00 am,5,2,626,0.762366,0,0.19,0.12,0,0,0,0,0,0.762366,0,0.14484954,0,0.14484954
3:00:00 am,5,3,627,0.756258,0,0.19,0.12,0,0,0,0,0,0.756258,0,0.14368902,0,0.14368902
4:00:00 am,5,4,628,0.800917,0,0.19,0.12,0,0,0,0,0,0.800917,0,0.15217423,0,0.15217423
5:00:00 am,5,5,629,1.05436,0,0.19,0.12,0,0,0,0,0,1.05436,0,0.2003284,0,0.2003284
6:00:00 am,5,6,630,1.64003,0,0.19,0.12,0,0,0,0,0,1.64003,0,0.3116057,0,0.3116057
7:00:00 am,5,7,631,2.06292,0.0756514,0.19,0.12,0.0756514,0,0,0,0,1.98727,0,0.3775813,0,0.3775813
8:00:00 am,5,8,632,1.97834,0.405094,0.19,0.12,0.405094,0,0,0,0,1.57325,0,0.2989175,0,0.2989175
9:00:00 am,5,9,633,1.72272,1.38049,0.19,0.12,1.38049,0,0,0,0,0.34223,0,0.0650237,0,0.0650237
10:00:00 am,5,10,634,1.64546,3.2936,0.19,0.12,1.64546,1.64815,0,0,0,0,0,0,0,0
11:00:00 am,5,11,635,1.54176,3.68014,0.19,0.12,1.54176,2.13838,0,0,0,0,0,0,0,0
12:00:00 pm,5,12,636,1.44137,3.11215,0.19,0.12,1.44137,1.67078,0,0,0,0,0,0,0,0
1:00:00 pm,5,13,637,1.36864,2.71294,0.19,0.12,1.36864,1.34429,0,0,0,0,0,0,0,0
2:00:00 pm,5,14,638,1.32545,2.19835,0.19,0.12,1.32545,0.872908,0,0,0,0,0,0,0,0
3:00:00 pm,5,15,639,1.39829,1.52515,0.19,0.12,1.39829,0.126864,0,0,0,0,0,0,0,0
4:00:00 pm,5,16,640,1.69764,0.724698,0.19,0.12,0.724698,0,0,0,0,0.972942,0,0.18485898,0,0.18485898
5:00:00 pm,5,17,641,2.29339,0,0.19,0.12,0,0,0,0.749547,0,1.54384,0,0.2933296,0,0.2933296
6:00:00 pm,5,18,642,2.69076,0,0.19,0.12,0,0,0,1.14692,0,1.54384,0,0.2933296,0,0.2933296
7:00:00 pm,5,19,643,2.66018,0,0.19,0.12,0,0,0,1.11634,0,1.54384,0,0.2933296,0,0.2933296
8:00:00 pm,5,20,644,2.45492,0,0.19,0.12,0,0,0,0.911077,0,1.54384,0,0.2933296,0,0.2933296
9:00:00 pm,5,21,645,2.22309,0,0.19,0.12,0,0,0,0.679253,0,1.54384,0,0.2933296,0,0.2933296
10:00:00 pm,5,22,646,1.80713,0,0.19,0.12,0,0,0,0.263288,0,1.54384,0,0.2933296,0,0.2933296
11:00:00 pm,5,23,647,1.38927,0,0.19,0.12,0,0,0,0,0,1.38927,0,0.2639613,0,0.2639613
12:00:00 am,6,0,648,0.983386,0,0.19,0.12,0,0,0,0,0,0.983386,0,0.18684334,0,0.18684334
1:00:00 am,6,1,649,0.795494,0,0.19,0.12,0,0,0,0,0,0.795494,0,0.15114386,0,0.15114386
2:00:00 am,6,2,650,0.732799,0,0.19,0.12,0,0,0,0,0,0.732799,0,0.13923181,0,0.13923181
3:00:00 am,6,3,651,0.726972,0,0.19,0.12,0,0,0,0,0,0.726972,0,0.13812468,0,0.13812468
4:00:00 am,6,4,652,0.77407,0,0.19,0.12,0,0,0,0,0,0.77407,0,0.1470733,0,0.1470733
5:00:00 am,6,5,653,1.04551,0,0.19,0.12,0,0,0,0,0,1.04551,0,0.1986469,0,0.1986469
6:00:00 am,6,6,654,1.67881,0,0.19,0.12,0,0,0,0.134971,0,1.54384,0,0.2933296,0,0.2933296
7:00:00 am,6,7,655,2.09653,0,0.19,0.12,0,0,0,0.552691,0,1.54384,0,0.2933296,0,0.2933296
8:00:00 am,6,8,656,2.03542,0.114488,0.19,0.12,0.114488,0,0,0.377098,0,1.54384,0,0.2933296,0,0.2933296
9:00:00 am,6,9,657,1.78467,0.879048,0.19,0.12,0.879048,0,0,0,0,0.905623,0,0.17206837,0,0.17206837
10:00:00 am,6,10,658,1.69231,0.319011,0.19,0.12,0.319011,0,0,0,0,1.3733,0,0.260927,0,0.260927
11:00:00 am,6,11,659,1.61621,0.254822,0.19,0.12,0.254822,0,0,0,0,1.36138,0,0.2586622,0,0.2586622
12:00:00 pm,6,12,660,1.50289,1.86133,0.19,0.12,1.50289,0.35844,0,0,0,0,0,0,0,0
1:00:00 pm,6,13,661,1.42797,3.59235,0.19,0.12,1.42797,2.16437,0,0,0,0,0,0,0,0
2:00:00 pm,6,14,662,1.37919,3.11377,0.19,0.12,1.37919,1.73458,0,0,0,0,0,0,0,0
3:00:00 pm,6,15,663,1.44863,2.25459,0.19,0.12,1.44863,0.805964,0,0,0,0,0,0,0,0
4:00:00 pm,6,16,664,1.7587,1.02081,0.19,0.12,1.02081,0,0,0,0,0.737893,0,0.14019967,0,0.14019967
5:00:00 pm,6,17,665,2.37455,0,0.19,0.12,0,0,0,0.830712,0,1.54384,0,0.2933296,0,0.2933296
6:00:00 pm,6,18,666,2.78781,0,0.19,0.12,0,0,0,1.24398,0,1.54384,0,0.2933296,0,0.2933296
7:00:00 pm,6,19,667,2.77054,0,0.19,0.12,0,0,0,1.2267,0,1.54384,0,0.2933296,0,0.2933296
8:00:00 pm,6,20,668,2.5702,0,0.19,0.12,0,0,0,1.02636,0,1.54384,0,0.2933296,0,0.2933296
9:00:00 pm,6,21,669,2.32854,0,0.19,0.12,0,0,0,0.784706,0,1.54384,0,0.2933296,0,0.2933296
10:00:00 pm,6,22,670,1.89944,0,0.19,0.12,0,0,0,0.355602,0,1.54384,0,0.2933296,0,0.2933296
11:00:00 pm,6,23,671,1.45417,0,0.19,0.12,0,0,0,0,0,1.45417,0,0.2762923,0,0.2762923
12:00:00 am,0,0,672,1.00825,0,0.19,0.12,0,0,0,0,0,1.00825,0,0.1915675,0,0.1915675
1:00:00 am,0,1,673,0.826883,0,0.19,0.12,0,0,0,0,0,0.826883,0,0.15710777,0,0.15710777
2:00:00 am,0,2,674,0.768275,0,0.19,0.12,0,0,0,0,0,0.768275,0,0.14597225,0,0.14597225
3:00:00 am,0,3,675,0.764326,0,0.19,0.12,0,0,0,0,0,0.764326,0,0.14522194,0,0.14522194
4:00:00 am,0,4,676,0.820884,0,0.19,0.12,0,0,0,0,0,0.820884,0,0.15596796,0,0.15596796
5:00:00 am,0,5,677,1.09687,0,0.19,0.12,0,0,0,0,0,1.09687,0,0.2084053,0,0.2084053
6:00:00 am,0,6,678,1.72745,0,0.19,0.12,0,0,0,0.183608,0,1.54384,0,0.2933296,0,0.2933296
7:00:00 am,0,7,679,2.17772,0,0.19,0.12,0,0,0,0.135814,0,2.04191,0,0.3879629,0,0.3879629
8:00:00 am,0,8,680,2.0958,0.33643,0.19,0.12,0.33643,0,0,0,0,1.75937,0,0.3342803,0,0.3342803
9:00:00 am,0,9,681,1.82678,1.17689,0.19,0.12,1.17689,0,0,0,0,0.64989,0,0.1234791,0,0.1234791
10:00:00 am,0,10,682,1.72925,0.471731,0.19,0.12,0.471731,0,0,0,0,1.25752,0,0.2389288,0,0.2389288
11:00:00 am,0,11,683,1.60277,1.25042,0.19,0.12,1.25042,0,0,0,0,0.352351,0,0.06694669,0,0.06694669
12:00:00 pm,0,12,684,1.48552,3.04986,0.19,0.12,1.48552,1.56434,0,0,0,0,0,0,0,0
1:00:00 pm,0,13,685,1.39828,2.59636,0.19,0.12,1.39828,1.19808,0,0,0,0,0,0,0,0
2:00:00 pm,0,14,686,1.34679,2.07822,0.19,0.12,1.34679,0.731428,0,0,0,0,0,0,0,0
3:00:00 pm,0,15,687,1.42166,1.37213,0.19,0.12,1.37213,0,0,0,0,0.0495329,0,0.009411251,0,0.009411251
4:00:00 pm,0,16,688,1.7396,0.262099,0.19,0.12,0.262099,0,0,0,0,1.4775,0,0.280725,0,0.280725
5:00:00 pm,0,17,689,2.36473,0,0.19,0.12,0,0,0,0.82089,0,1.54384,0,0.2933296,0,0.2933296
6:00:00 pm,0,18,690,2.78598,0,0.19,0.12,0,0,0,1.24214,0,1.54384,0,0.2933296,0,0.2933296
7:00:00 pm,0,19,691,2.77489,0,0.19,0.12,0,0,0,1.13523,0,1.63966,0,0.3115354,0,0.3115354
8:00:00 pm,0,20,692,2.57583,0,0.19,0.12,0,0,0,0,0,2.57583,0,0.4894077,0,0.4894077
9:00:00 pm,0,21,693,2.34463,0,0.19,0.12,0,0,0,0,0,2.34463,0,0.4454797,0,0.4454797
10:00:00 pm,0,22,694,1.915,0,0.19,0.12,0,0,0,0,0,1.915,0,0.36385,0,0.36385
11:00:00 pm,0,23,695,1.47175,0,0.19,0.12,0,0,0,0,0,1.47175,0,0.2796325,0,0.2796325
12:00:00 am,1,0,696,1.00843,0,0.19,0.12,0,0,0,0,0,1.00843,0,0.1916017,0,0.1916017
1:00:00 am,1,1,697,0.837049,0,0.19,0.12,0,0,0,0,0,0.837049,0,0.15903931,0,0.15903931
2:00:00 am,1,2,698,0.781564,0,0.19,0.12,0,0,0,0,0,0.781564,0,0.14849716,0,0.14849716
3:00:00 am,1,3,699,0.7798,0,0.19,0.12,0,0,0,0,0,0.7798,0,0.148162,0,0.148162
4:00:00 am,1,4,700,0.82647,0,0.19,0.12,0,0,0,0,0,0.82647,0,0.1570293,0,0.1570293
5:00:00 am,1,5,701,1.08559,0,0.19,0.12,0,0,0,0,0,1.08559,0,0.2062621,0,0.2062621
6:00:00 am,1,6,702,1.68864,0,0.19,0.12,0,0,0,0,0,1.68864,0,0.3208416,0,0.3208416
7:00:00 am,1,7,703,2.08076,0,0.19,0.12,0,0,0.00E+00,0,0,2.08076,0,0.3953444,0,0.3953444
8:00:00 am,1,8,704,2.00152,0.0763495,0.19,0.12,0.0763495,0,0,0,0,1.92517,0,0.3657823,0,0.3657823
9:00:00 am,1,9,705,1.74065,0.0241579,0.19,0.12,0.0241579,0,0,0,0,1.71649,0,0.3261331,0,0.3261331
10:00:00 am,1,10,706,1.64076,0.152778,0.19,0.12,0.152778,0,0,0,0,1.48799,0,0.2827181,0,0.2827181
11:00:00 am,1,11,707,1.52233,0.107222,0.19,0.12,0.107222,0,0,0,0,1.41511,0,0.2688709,0,0.2688709
12:00:00 pm,1,12,708,1.41946,0.0322105,0.19,0.12,0.0322105,0,0,0,0,1.38725,0,0.2635775,0,0.2635775
1:00:00 pm,1,13,709,1.35086,0.552028,0.19,0.12,0.552028,0,0,0,0,0.798834,0,0.15177846,0,0.15177846
2:00:00 pm,1,14,710,1.2997,0.00671055,0.19,0.12,0.00671055,0,0,0,0,1.29299,0,0.2456681,0,0.2456681
3:00:00 pm,1,15,711,1.37147,0,0.19,0.12,0,0,0,0,0,1.37147,0,0.2605793,0,0.2605793
4:00:00 pm,1,16,712,1.67767,0,0.19,0.12,0,0,0,0,0,1.67767,0,0.3187573,0,0.3187573
5:00:00 pm,1,17,713,2.2844,0,0.19,0.12,0,0,0,0,0,2.2844,0,0.434036,0,0.434036
6:00:00 pm,1,18,714,2.68192,0,0.19,0.12,0,0,0,0,0,2.68192,0,0.5095648,0,0.5095648
7:00:00 pm,1,19,715,2.66076,0,0.19,0.12,0,0,0,0,0,2.66076,0,0.5055444,0,0.5055444
8:00:00 pm,1,20,716,2.45812,0,0.19,0.12,0,0,0,0,0,2.45812,0,0.4670428,0,0.4670428
9:00:00 pm,1,21,717,2.23016,0,0.19,0.12,0,0,0,0,0,2.23016,0,0.4237304,0,0.4237304
10:00:00 pm,1,22,718,1.81692,0,0.19,0.12,0,0,0,0,0,1.81692,0,0.3452148,0,0.3452148
11:00:00 pm,1,23,719,1.40104,0,0.19,0.12,0,0,0,0,0,1.40104,0,0.2661976,0,0.2661976
12:00:00 am,2,0,720,0.979365,0,0.19,0.12,0,0,0,0,0,0.979365,0,0.18607935,0,0.18607935
1:00:00 am,2,1,721,0.804238,0,0.19,0.12,0,0,0,0,0,0.804238,0,0.15280522,0,0.15280522
2:00:00 am,2,2,722,0.745079,0,0.19,0.12,0,0,0,0,0,0.745079,0,0.14156501,0,0.14156501
3:00:00 am,2,3,723,0.740115,0,0.19,0.12,0,0,0,0,0,0.740115,0,0.14062185,0,0.14062185
4:00:00 am,2,4,724,0.784311,0,0.19,0.12,0,0,0,0,0,0.784311,0,0.14901909,0,0.14901909
5:00:00 am,2,5,725,1.03798,0,0.19,0.12,0,0,0,0,0,1.03798,0,0.1972162,0,0.1972162
6:00:00 am,2,6,726,1.62322,0,0.19,0.12,0,0,0,0,0,1.62322,0,0.3084118,0,0.3084118
7:00:00 am,2,7,727,2.04447,0,0.19,0.12,0,0,0,0,0,2.04447,0,0.3884493,0,0.3884493
8:00:00 am,2,8,728,1.9559,0.232781,0.19,0.12,0.232781,0,0,0,0,1.72312,0,0.3273928,0,0.3273928
9:00:00 am,2,9,729,1.68961,2.79851,0.19,0.12,1.68961,1.1089,0,0,0,0,0,0,0,0
10:00:00 am,2,10,730,1.60508,3.58095,0.19,0.12,1.60508,1.97588,0,0,0,0,0,0,0,0
11:00:00 am,2,11,731,1.49878,3.99975,0.19,0.12,1.49878,2.50097,-2.22045E-16,0,0,0,0,0,-2.66454E-17,2.66454E-17
12:00:00 pm,2,12,732,1.39848,4.06169,0.19,0.12,1.39848,2.66321,-2.22045E-16,0,0,0,0,0,-2.66454E-17,2.66454E-17
1:00:00 pm,2,13,733,1.32871,3.83231,0.19,0.12,1.32871,0.0481595,2.45543,0,0,0,0,0,0.2946516,-0.2946516
2:00:00 pm,2,14,734,1.28047,3.2947,0.19,0.12,1.28047,0,2.01423,0,0,0,0,0,0.2417076,-0.2417076
3:00:00 pm,2,15,735,1.35925,2.39484,0.19,0.12,1.35925,0,1.03558,0,0,0,0,0,0.1242696,-0.1242696
4:00:00 pm,2,16,736,1.66016,1.11478,0.19,0.12,1.11478,0,0,0,0,0.545379,0,0.10362201,0,0.10362201
5:00:00 pm,2,17,737,2.25939,0,0.19,0.12,0,0,0,0.715554,0,1.54384,0,0.2933296,0,0.2933296
6:00:00 pm,2,18,738,2.65998,0,0.19,0.12,0,0,0,1.11614,0,1.54384,0,0.2933296,0,0.2933296
7:00:00 pm,2,19,739,2.63438,0,0.19,0.12,0,0,0,1.09055,0,1.54384,0,0.2933296,0,0.2933296
8:00:00 pm,2,20,740,2.42939,0,0.19,0.12,0,0,0,0.885547,0,1.54384,0,0.2933296,0,0.2933296
9:00:00 pm,2,21,741,2.20199,0,0.19,0.12,0,0,0,0.65815,0,1.54384,0,0.2933296,0,0.2933296
10:00:00 pm,2,22,742,1.79025,0,0.19,0.12,0,0,0,0.246414,0,1.54384,0,0.2933296,0,0.2933296
11:00:00 pm,2,23,743,1.37568,0,0.19,0.12,0,0,0,0,0,1.37568,0,0.2613792,0,0.2613792
12:00:00 am,3,0,744,0.95672,0,0.19,0.12,0,0,0,0,0,0.95672,0,0.1817768,0,0.1817768
1:00:00 am,3,1,745,0.788791,0,0.19,0.12,0,0,0,0,0,0.788791,0,0.14987029,0,0.14987029
2:00:00 am,3,2,746,0.731566,0,0.19,0.12,0,0,0,0,0,0.731566,0,0.13899754,0,0.13899754
3:00:00 am,3,3,747,0.732414,0,0.19,0.12,0,0,0,0,0,0.732414,0,0.13915866,0,0.13915866
4:00:00 am,3,4,748,0.787262,0,0.19,0.12,0,0,0,0,0,0.787262,0,0.14957978,0,0.14957978
5:00:00 am,3,5,749,1.05224,0,0.19,0.12,0,0,0,0,0,1.05224,0,0.1999256,0,0.1999256
6:00:00 am,3,6,750,1.63185,0,0.19,0.12,0,0,0,0.472027,0,1.15983,0,0.2203677,0,0.2203677
7:00:00 am,3,7,751,2.01162,0,0.19,0.12,0,0,0,0.851796,0,1.15983,0,0.2203677,0,0.2203677
8:00:00 am,3,8,752,1.88984,0.382081,0.19,0.12,0.382081,0,0,0.347935,0,1.15983,0,0.2203677,0,0.2203677
9:00:00 am,3,9,753,1.64038,2.33454,0.19,0.12,1.64038,0.694158,0,0,0,0,0,0,0,0
10:00:00 am,3,10,754,1.53526,2.30279,0.19,0.12,1.53526,0.767536,0,0,0,0,0,0,0,0
11:00:00 am,3,11,755,1.43143,0.421667,0.19,0.12,0.421667,0,0,0,0,1.00977,0,0.1918563,0,0.1918563
12:00:00 pm,3,12,756,1.33464,0.425831,0.19,0.12,0.425831,0,0,0,0,0.908806,0,0.17267314,0,0.17267314
1:00:00 pm,3,13,757,1.27574,0.238194,0.19,0.12,0.238194,0,0,0,0,1.03754,0,0.1971326,0,0.1971326
2:00:00 pm,3,14,758,1.23594,0.23572,0.19,0.12,0.23572,0,0,0,0,1.00022,0,0.1900418,0,0.1900418
3:00:00 pm,3,15,759,1.29427,0.0878488,0.19,0.12,0.0878488,0,0,0.0466003,0,1.15983,0,0.2203677,0,0.2203677
4:00:00 pm,3,16,760,1.53791,0.081935,0.19,0.12,0.081935,0,0,0.29615,0,1.15983,0,0.2203677,0,0.2203677
5:00:00 pm,3,17,761,2.05364,0,0.19,0.12,0,0,0,0.893816,0,1.15983,0,0.2203677,0,0.2203677
6:00:00 pm,3,18,762,2.45278,0,0.19,0.12,0,0,0,1.23256,0,1.22022,0,0.2318418,0,0.2318418
7:00:00 pm,3,19,763,2.57557,0,0.19,0.12,0,0,0,0,0,2.57557,0,0.4893583,0,0.4893583
8:00:00 pm,3,20,764,2.44084,0,0.19,0.12,0,0,0,0,0,2.44084,0,0.4637596,0,0.4637596
9:00:00 pm,3,21,765,2.2004,0,0.19,0.12,0,0,0,0,0,2.2004,0,0.418076,0,0.418076
10:00:00 pm,3,22,766,1.77685,0,0.19,0.12,0,0,0,0,0,1.77685,0,0.3376015,0,0.3376015
11:00:00 pm,3,23,767,1.36642,0,0.19,0.12,0,0,0,0,0,1.36642,0,0.2596198,0,0.2596198
12:00:00 am,4,0,768,0.93709,0,0.19,0.12,0,0,0,0,0,0.93709,0,0.1780471,0,0.1780471
1:00:00 am,4,1,769,0.763417,0,0.19,0.12,0,0,0,0,0,0.763417,0,0.14504923,0,0.14504923
2:00:00 am,4,2,770,0.705069,0,0.19,0.12,0,0,0,0,0,0.705069,0,0.13396311,0,0.13396311
3:00:00 am,4,3,771,0.701522,0,0.19,0.12,0,0,0,0,0,0.701522,0,0.13328918,0,0.13328918
4:00:00 am,4,4,772,0.746589,0,0.19,0.12,0,0,0,0,0,0.746589,0,0.14185191,0,0.14185191
5:00:00 am,4,5,773,1.00657,0,0.19,0.12,0,0,0,0,0,1.00657,0,0.1912483,0,0.1912483
6:00:00 am,4,6,774,1.56829,0,0.19,0.12,0,0,0,0,0,1.56829,0,0.2979751,0,0.2979751
7:00:00 am,4,7,775,1.9601,0.0994355,0.19,0.12,0.0994355,0,0,0,0,1.86066,0,0.3535254,0,0.3535254
8:00:00 am,4,8,776,1.86144,1.40111,0.19,0.12,1.40111,0,0,0,0,0.46033,0,0.0874627,0,0.0874627
9:00:00 am,4,9,777,1.63249,2.51161,0.19,0.12,1.63249,0.879128,0,0,0,0,0,0,0,0
10:00:00 am,4,10,778,1.54552,3.26394,0.19,0.12,1.54552,1.71842,0,0,0,0,0,0,0,0
11:00:00 am,4,11,779,1.44498,3.65558,0.19,0.12,1.44498,2.2106,2.22045E-16,0,0,0,0,0,2.66454E-17,-2.66454E-17
12:00:00 pm,4,12,780,1.36097,3.7428,0.19,0.12,1.36097,2.38183,0,0,0,0,0,0,0,0
1:00:00 pm,4,13,781,1.29026,3.53573,0.19,0.12,1.29026,1.08259,1.16287,0,0,0,0,0,0.1395444,-0.1395444
2:00:00 pm,4,14,782,1.24485,2.49234,0.19,0.12,1.24485,0,1.24748,0,0,0,0,0,0.1496976,-0.1496976
3:00:00 pm,4,15,783,1.29924,1.88832,0.19,0.12,1.29924,0,0.589081,0,0,0,0,0,0.07068972,-0.07068972
4:00:00 pm,4,16,784,1.55171,0.823047,0.19,0.12,0.823047,0,0,0,0,0.728666,0,0.13844654,0,0.13844654
5:00:00 pm,4,17,785,2.07555,0,0.19,0.12,0,0,0,0.86777,0,1.20778,0,0.2294782,0,0.2294782
6:00:00 pm,4,18,786,2.4754,0,0.19,0.12,0,0,0,1.26762,0,1.20778,0,0.2294782,0,0.2294782
7:00:00 pm,4,19,787,2.59732,0,0.19,0.12,0,0,0,1.38954,0,1.20778,0,0.2294782,0,0.2294782
8:00:00 pm,4,20,788,2.46856,0,0.19,0.12,0,0,0,1.26078,0,1.20778,0,0.2294782,0,0.2294782
9:00:00 pm,4,21,789,2.23244,0,0.19,0.12,0,0,0,1.02465,0,1.20778,0,0.2294782,0,0.2294782
10:00:00 pm,4,22,790,1.81657,0,0.19,0.12,0,0,0,0.608788,0,1.20778,0,0.2294782,0,0.2294782
11:00:00 pm,4,23,791,1.41045,0,0.19,0.12,0,0,0,0.202667,0,1.20778,0,0.2294782,0,0.2294782
12:00:00 am,5,0,792,0.986242,0,0.19,0.12,0,0,0,0,0,0.986242,0,0.18738598,0,0.18738598
1:00:00 am,5,1,793,0.819223,0,0.19,0.12,0,0,0,0,0,0.819223,0,0.15565237,0,0.15565237
2:00:00 am,5,2,794,0.764917,0,0.19,0.12,0,0,0,0,0,0.764917,0,0.14533423,0,0.14533423
3:00:00 am,5,3,795,0.766057,0,0.19,0.12,0,0,0,0,0,0.766057,0,0.14555083,0,0.14555083
4:00:00 am,5,4,796,0.811812,0,0.19,0.12,0,0,0,0,0,0.811812,0,0.15424428,0,0.15424428
5:00:00 am,5,5,797,1.08214,0,0.19,0.12,0,0,0,0,0,1.08214,0,0.2056066,0,0.2056066
6:00:00 am,5,6,798,1.66906,0,0.19,0.12,0,0,0,0.146953,0,1.5221,0,0.289199,0,0.289199
7:00:00 am,5,7,799,2.05043,0,0.19,0.12,0,0,0,0.528328,0,1.5221,0,0.289199,0,0.289199
8:00:00 am,5,8,800,1.93403,0.0493222,0.19,0.12,0.0493222,0,0,0.208054,0,1.67665,0,0.3185635,0,0.3185635
9:00:00 am,5,9,801,1.68323,0.154619,0.19,0.12,0.154619,0,0,0,0,1.52861,0,0.2904359,0,0.2904359
10:00:00 am,5,10,802,1.59369,0.33164,0.19,0.12,0.33164,0,0,0,0,1.26205,0,0.2397895,0,0.2397895
11:00:00 am,5,11,803,1.49635,0.263185,0.19,0.12,0.263185,0,0,0,0,1.23317,0,0.2343023,0,0.2343023
12:00:00 pm,5,12,804,1.40336,0.452927,0.19,0.12,0.452927,0,0,0,0,0.950434,0,0.18058246,0,0.18058246
1:00:00 pm,5,13,805,1.33028,0.0110023,0.19,0.12,0.0110023,0,0,0,0,1.31928,0,0.2506632,0,0.2506632
2:00:00 pm,5,14,806,1.29658,0.263267,0.19,0.12,0.263267,0,0,0,0,1.03331,0,0.1963289,0,0.1963289
3:00:00 pm,5,15,807,1.35468,0.138917,0.19,0.12,0.138917,0,0,0,0,1.21576,0,0.2309944,0,0.2309944
4:00:00 pm,5,16,808,1.60981,0.0267677,0.19,0.12,0.0267677,0,0,0,0,1.58305,0,0.3007795,0,0.3007795
5:00:00 pm,5,17,809,2.14242,0,0.19,0.12,0,0,0,0,0,2.14242,0,0.4070598,0,0.4070598
6:00:00 pm,5,18,810,2.53379,0,0.19,0.12,0,0,0,0,0,2.53379,0,0.4814201,0,0.4814201
7:00:00 pm,5,19,811,2.65154,0,0.19,0.12,0,0,0,0,0,2.65154,0,0.5037926,0,0.5037926
8:00:00 pm,5,20,812,2.51518,0,0.19,0.12,0,0,0,0,0,2.51518,0,0.4778842,0,0.4778842
9:00:00 pm,5,21,813,2.27308,0,0.19,0.12,0,0,0,0,0,2.27308,0,0.4318852,0,0.4318852
10:00:00 pm,5,22,814,1.84867,0,0.19,0.12,0,0,0,0,0,1.84867,0,0.3512473,0,0.3512473
11:00:00 pm,5,23,815,1.43602,0,0.19,0.12,0,0,0,0,0,1.43602,0,0.2728438,0,0.2728438
12:00:00 am,6,0,816,1.02671,0,0.19,0.12,0,0,0,0,0,1.02671,0,0.1950749,0,0.1950749
1:00:00 am,6,1,817,0.845524,0,0.19,0.12,0,0,0,0,0,0.845524,0,0.16064956,0,0.16064956
2:00:00 am,6,2,818,0.778406,0,0.19,0.12,0,0,0,0,0,0.778406,0,0.14789714,0,0.14789714
3:00:00 am,6,3,819,0.771459,0,0.19,0.12,0,0,0,0,0,0.771459,0,0.14657721,0,0.14657721
4:00:00 am,6,4,820,0.822368,0,0.19,0.12,0,0,0,0,0,0.822368,0,0.15624992,0,0.15624992
5:00:00 am,6,5,821,1.09666,0,0.19,0.12,0,0,0,0,0,1.09666,0,0.2083654,0,0.2083654
6:00:00 am,6,6,822,1.69828,0,0.19,0.12,0,0,0,0,0,1.69828,0,0.3226732,0,0.3226732
7:00:00 am,6,7,823,2.1081,0,0.19,0.12,0,0,0,0,0,2.1081,0,0.400539,0,0.400539
8:00:00 am,6,8,824,2.03735,0.210448,0.19,0.12,0.210448,0,0,0,0,1.8269,0,0.347111,0,0.347111
9:00:00 am,6,9,825,1.81781,0.285952,0.19,0.12,0.285952,0,0,0,0,1.53186,0,0.2910534,0,0.2910534
10:00:00 am,6,10,826,1.71639,0.986023,0.19,0.12,0.986023,0,0,0,0,0.730363,0,0.13876897,0,0.13876897
11:00:00 am,6,11,827,1.5874,0.684035,0.19,0.12,0.684035,0,0,0,0,0.903362,0,0.17163878,0,0.17163878
12:00:00 pm,6,12,828,1.49413,1.03074,0.19,0.12,1.03074,0,0,0,0,0.463381,0,0.08804239,0,0.08804239
1:00:00 pm,6,13,829,1.4221,1.66056,0.19,0.12,1.4221,0.238454,0,0,0,0,0,0,0,0
2:00:00 pm,6,14,830,1.3649,1.71822,0.19,0.12,1.3649,0.353319,0,0,0,0,0,0,0,0
3:00:00 pm,6,15,831,1.42022,0.494653,0.19,0.12,0.494653,0,0,0,0,0.925571,0,0.17585849,0,0.17585849
4:00:00 pm,6,16,832,1.68076,0.133174,0.19,0.12,0.133174,0,0,0.0254816,0,1.5221,0,0.289199,0,0.289199
5:00:00 pm,6,17,833,2.21335,0,0.19,0.12,0,0,0,0.518726,0,1.69462,0,0.3219778,0,0.3219778
6:00:00 pm,6,18,834,2.62127,0,0.19,0.12,0,0,0,0,0,2.62127,0,0.4980413,0,0.4980413
7:00:00 pm,6,19,835,2.74957,0,0.19,0.12,0,0,0,0,0,2.74957,0,0.5224183,0,0.5224183
8:00:00 pm,6,20,836,2.61789,0,0.19,0.12,0,0,0,0,0,2.61789,0,0.4973991,0,0.4973991
9:00:00 pm,6,21,837,2.37605,0,0.19,0.12,0,0,0,0,0,2.37605,0,0.4514495,0,0.4514495
10:00:00 pm,6,22,838,1.94082,0,0.19,0.12,0,0,0,0,0,1.94082,0,0.3687558,0,0.3687558
11:00:00 pm,6,23,839,1.50501,0,0.19,0.12,0,0,0,0,0,1.50501,0,0.2859519,0,0.2859519
12:00:00 am,0,0,840,1.04693,0,0.19,0.12,0,0,0,0,0,1.04693,0,0.1989167,0,0.1989167
1:00:00 am,0,1,841,0.867214,0,0.19,0.12,0,0,0,0,0,0.867214,0,0.16477066,0,0.16477066
2:00:00 am,0,2,842,0.810476,0,0.19,0.12,0,0,0,0,0,0.810476,0,0.15399044,0,0.15399044
3:00:00 am,0,3,843,0.807296,0,0.19,0.12,0,0,0,0,0,0.807296,0,0.15338624,0,0.15338624
4:00:00 am,0,4,844,0.860027,0,0.19,0.12,0,0,0,0,0,0.860027,0,0.16340513,0,0.16340513
5:00:00 am,0,5,845,1.14889,0,0.19,0.12,0,0,0,0,0,1.14889,0,0.2182891,0,0.2182891
6:00:00 am,0,6,846,1.77095,0,0.19,0.12,0,0,0,0,0,1.77095,0,0.3364805,0,0.3364805
7:00:00 am,0,7,847,2.17892,0,0.19,0.12,0,0,0,0,0,2.17892,0,0.4139948,0,0.4139948
8:00:00 am,0,8,848,2.08341,0.110629,0.19,0.12,0.110629,0,0,0,0,1.97278,0,0.3748282,0,0.3748282
9:00:00 am,0,9,849,1.8639,0.223939,0.19,0.12,0.223939,0,0,0,0,1.63997,0,0.3115943,0,0.3115943
10:00:00 am,0,10,850,1.77499,1.59144,0.19,0.12,1.59144,0,0,0,0,0.183544,0,0.03487336,0,0.03487336
11:00:00 am,0,11,851,1.65367,2.48538,0.19,0.12,1.65367,0.831712,0,0,0,0,0,0,0,0
12:00:00 pm,0,12,852,1.54269,4.01477,0.19,0.12,1.54269,2.47208,2.22045E-16,0,0,0,0,0,2.66454E-17,-2.66454E-17
1:00:00 pm,0,13,853,1.45084,3.79789,0.19,0.12,1.45084,2.34705,0,0,0,0,0,0,0,0
2:00:00 pm,0,14,854,1.39956,3.24633,0.19,0.12,1.39956,1.84677,0,0,0,0,0,0,0,0
3:00:00 pm,0,15,855,1.46372,2.38221,0.19,0.12,1.46372,0.773235,0.14525,0,0,0,0,0,0.01743,-0.01743
4:00:00 pm,0,16,856,1.73448,1.15662,0.19,0.12,1.15662,0,0,0,0,0.57786,0,0.1097934,0,0.1097934
5:00:00 pm,0,17,857,2.28642,0,0.19,0.12,0,0,0,0.764317,0,1.5221,0,0.289199,0,0.289199
6:00:00 pm,0,18,858,2.70207,0,0.19,0.12,0,0,0,1.17997,0,1.5221,0,0.289199,0,0.289199
7:00:00 pm,0,19,859,2.84037,0,0.19,0.12,0,0,0,1.31826,0,1.5221,0,0.289199,0,0.289199
8:00:00 pm,0,20,860,2.71513,0,0.19,0.12,0,0,0,1.19303,0,1.52211,0,0.2892009,0,0.2892009
9:00:00 pm,0,21,861,2.47176,0,0.19,0.12,0,0,0,0.949652,0,1.52211,0,0.2892009,0,0.2892009
10:00:00 pm,0,22,862,2.03898,0,0.19,0.12,0,0,0,0.516873,0,1.5221,0,0.289199,0,0.289199
11:00:00 pm,0,23,863,1.61004,0,0.19,0.12,0,0,0,0.0879363,0,1.5221,0,0.289199,0,0.289199
12:00:00 am,1,0,864,1.14306,0,0.19,0.12,0,0,0,0,0,1.14306,0,0.2171814,0,0.2171814
1:00:00 am,1,1,865,0.980584,0,0.19,0.12,0,0,0,0,0,0.980584,0,0.18631096,0,0.18631096
2:00:00 am,1,2,866,0.923858,0,0.19,0.12,0,0,0,0,0,0.923858,0,0.17553302,0,0.17553302
3:00:00 am,1,3,867,0.911319,0,0.19,0.12,0,0,0,0,0,0.911319,0,0.17315061,0,0.17315061
4:00:00 am,1,4,868,0.956145,0,0.19,0.12,0,0,0,0,0,0.956145,0,0.18166755,0,0.18166755
5:00:00 am,1,5,869,1.21662,0,0.19,0.12,0,0,0,0,0,1.21662,0,0.2311578,0,0.2311578
6:00:00 am,1,6,870,1.77463,0,0.19,0.12,0,0,0,0.252522,0,1.5221,0,0.289199,0,0.289199
7:00:00 am,1,7,871,2.14331,0.0601662,0.19,0.12,0.0601662,0,0,0.561043,0,1.5221,0,0.289199,0,0.289199
8:00:00 am,1,8,872,2.03596,0.836891,0.19,0.12,0.836891,0,0,0,0,1.19907,0,0.2278233,0,0.2278233
9:00:00 am,1,9,873,1.77689,2.44433,0.19,0.12,1.77689,0.667439,0,0,0,0,0,0,0,0
10:00:00 am,1,10,874,1.69245,2.80109,0.19,0.12,1.69245,1.10864,0,0,0,0,0,0,0,0
11:00:00 am,1,11,875,1.57242,2.05377,0.19,0.12,1.57242,0.481342,0,0,0,0,0,0,0,0
12:00:00 pm,1,12,876,1.467,2.50434,0.19,0.12,1.467,1.03734,0,0,0,0,0,0,0,0
1:00:00 pm,1,13,877,1.3937,3.13587,0.19,0.12,1.3937,1.74217,0,0,0,0,0,0,0,0
2:00:00 pm,1,14,878,1.33805,2.437,0.19,0.12,1.33805,1.09894,0,0,0,0,0,0,0,0
3:00:00 pm,1,15,879,1.39312,1.67177,0.19,0.12,1.39312,0.278649,0,0,0,0,0,0,0,0
4:00:00 pm,1,16,880,1.65188,1.08666,0.19,0.12,1.08666,0,0,0,0,0.565217,0,0.10739123,0,0.10739123
5:00:00 pm,1,17,881,2.19234,0,0.19,0.12,0,0,0,0.670236,0,1.52211,0,0.2892009,0,0.2892009
6:00:00 pm,1,18,882,2.58326,0,0.19,0.12,0,0,0,1.06115,0,1.5221,0,0.289199,0,0.289199
7:00:00 pm,1,19,883,2.70512,0,0.19,0.12,0,0,0,1.18302,0,1.5221,0,0.289199,0,0.289199
8:00:00 pm,1,20,884,2.57522,0,0.19,0.12,0,0,0,1.05312,0,1.52211,0,0.2892009,0,0.2892009
9:00:00 pm,1,21,885,2.33662,0,0.19,0.12,0,0,0,0.814511,0,1.52211,0,0.2892009,0,0.2892009
10:00:00 pm,1,22,886,1.91876,0,0.19,0.12,0,0,0,0.39666,0,1.5221,0,0.289199,0,0.289199
11:00:00 pm,1,23,887,1.51145,0,0.19,0.12,0,0,0,0,0,1.51145,0,0.2871755,0,0.2871755
12:00:00 am,2,0,888,1.08414,0,0.19,0.12,0,0,0,0,0,1.08414,0,0.2059866,0,0.2059866
1:00:00 am,2,1,889,0.913422,0,0.19,0.12,0,0,0,0,0,0.913422,0,0.17355018,0,0.17355018
2:00:00 am,2,2,890,0.854363,0,0.19,0.12,0,0,0,0,0,0.854363,0,0.16232897,0,0.16232897
3:00:00 am,2,3,891,0.848966,0,0.19,0.12,0,0,0,0,0,0.848966,0,0.16130354,0,0.16130354
4:00:00 am,2,4,892,0.893104,0,0.19,0.12,0,0,0,0,0,0.893104,0,0.16968976,0,0.16968976
5:00:00 am,2,5,893,1.15296,0,0.19,0.12,0,0,0,0,0,1.15296,0,0.2190624,0,0.2190624
6:00:00 am,2,6,894,1.74803,0,0.19,0.12,0,0,0,0.225923,0,1.5221,0,0.289199,0,0.289199
7:00:00 am,2,7,895,2.10414,0.0645506,0.19,0.12,0.0645506,0,0,0.517489,0,1.5221,0,0.289199,0,0.289199
8:00:00 am,2,8,896,1.99165,0.623696,0.19,0.12,0.623696,0,0,0,0,1.36796,0,0.2599124,0,0.2599124
9:00:00 am,2,9,897,1.74338,0.533639,0.19,0.12,0.533639,0,0,0,0,1.20974,0,0.2298506,0,0.2298506
10:00:00 am,2,10,898,1.65061,0.615364,0.19,0.12,0.615364,0,0,0,0,1.03524,0,0.1966956,0,0.1966956
11:00:00 am,2,11,899,1.52354,1.87583,0.19,0.12,1.52354,0.352295,0,0,0,0,0,0,0,0
12:00:00 pm,2,12,900,1.41341,1.68102,0.19,0.12,1.41341,0.267609,0,0,0,0,0,0,0,0
1:00:00 pm,2,13,901,1.33087,1.90589,0.19,0.12,1.33087,0.575015,0,0,0,0,0,0,0,0
2:00:00 pm,2,14,902,1.28126,1.46041,0.19,0.12,1.28126,0.179154,0,0,0,0,0,0,0,0
3:00:00 pm,2,15,903,1.34817,0.812783,0.19,0.12,0.812783,0,0,0,0,0.535385,0,0.10172315,0,0.10172315
4:00:00 pm,2,16,904,1.60323,0.417746,0.19,0.12,0.417746,0,0,0,0,1.18549,0,0.2252431,0,0.2252431
5:00:00 pm,2,17,905,2.13988,0,0.19,0.12,0,0,0,0.617774,0,1.5221,0,0.289199,0,0.289199
6:00:00 pm,2,18,906,2.53339,0,0.19,0.12,0,0,0,1.01128,0,1.52211,0,0.2892009,0,0.2892009
7:00:00 pm,2,19,907,2.65035,0,0.19,0.12,0,0,0,0.248337,0,2.40201,0,0.4563819,0,0.4563819
8:00:00 pm,2,20,908,2.52125,0,0.19,0.12,0,0,0,0,0,2.52125,0,0.4790375,0,0.4790375
9:00:00 pm,2,21,909,2.28487,0,0.19,0.12,0,0,0,0,0,2.28487,0,0.4341253,0,0.4341253
10:00:00 pm,2,22,910,1.86919,0,0.19,0.12,0,0,0,0,0,1.86919,0,0.3551461,0,0.3551461
11:00:00 pm,2,23,911,1.46132,0,0.19,0.12,0,0,0,0,0,1.46132,0,0.2776508,0,0.2776508
12:00:00 am,3,0,912,1.03984,0,0.19,0.12,0,0,0,0,0,1.03984,0,0.1975696,0,0.1975696
1:00:00 am,3,1,913,0.869364,0,0.19,0.12,0,0,0,0,0,0.869364,0,0.16517916,0,0.16517916
2:00:00 am,3,2,914,0.80742,0,0.19,0.12,0,0,0,0,0,0.80742,0,0.1534098,0,0.1534098
3:00:00 am,3,3,915,0.807459,0,0.19,0.12,0,0,0,0,0,0.807459,0,0.15341721,0,0.15341721
4:00:00 am,3,4,916,0.856172,0,0.19,0.12,0,0,0,0,0,0.856172,0,0.16267268,0,0.16267268
5:00:00 am,3,5,917,1.1215,0,0.19,0.12,0,0,0,0,0,1.1215,0,0.213085,0,0.213085
6:00:00 am,3,6,918,1.70886,0,0.19,0.12,0,0,0,0,0,1.70886,0,0.3246834,0,0.3246834
7:00:00 am,3,7,919,2.09265,0.157691,0.19,0.12,0.157691,0,0,0,0,1.93496,0,0.3676424,0,0.3676424
8:00:00 am,3,8,920,1.98797,1.48013,0.19,0.12,1.48013,0,0,0,0,0.507839,0,0.09648941,0,0.09648941
9:00:00 am,3,9,921,1.75901,1.6624,0.19,0.12,1.6624,0,0,0,0,0.0966076,0,0.018355444,0,0.018355444
10:00:00 am,3,10,922,1.67837,2.3561,0.19,0.12,1.67837,0.677731,0,0,0,0,0,0,0,0
11:00:00 am,3,11,923,1.55676,3.69762,0.19,0.12,1.55676,2.14085,-2.22045E-16,0,0,0,0,0,-2.66454E-17,2.66454E-17
12:00:00 pm,3,12,924,1.44652,3.01215,0.19,0.12,1.44652,1.56563,0,0,0,0,0,0,0,0
1:00:00 pm,3,13,925,1.36936,2.26899,0.19,0.12,1.36936,0.899627,0,0,0,0,0,0,0,0
2:00:00 pm,3,14,926,1.33706,2.11926,0.19,0.12,1.33706,0.782202,0,0,0,0,0,0,0,0
3:00:00 pm,3,15,927,1.4053,0.792208,0.19,0.12,0.792208,0,0,0,0,0.613094,0,0.11648786,0,0.11648786
4:00:00 pm,3,16,928,1.65836,0.129942,0.19,0.12,0.129942,0,0,0.00630803,0,1.5221,0,0.289199,0,0.289199
5:00:00 pm,3,17,929,2.19817,0,0.19,0.12,0,0,0,0.676068,0,1.52211,0,0.2892009,0,0.2892009
6:00:00 pm,3,18,930,2.58678,0,0.19,0.12,0,0,0,1.06468,0,1.5221,0,0.289199,0,0.289199
7:00:00 pm,3,19,931,2.7026,0,0.19,0.12,0,0,0,1.1805,0,1.52211,0,0.2892009,0,0.2892009
8:00:00 pm,3,20,932,2.57444,0,0.19,0.12,0,0,0,1.05234,0,1.52211,0,0.2892009,0,0.2892009
9:00:00 pm,3,21,933,2.33449,0,0.19,0.12,0,0,0,0.812382,0,1.52211,0,0.2892009,0,0.2892009
10:00:00 pm,3,22,934,1.91729,0,0.19,0.12,0,0,0,0.39519,0,1.5221,0,0.289199,0,0.289199
11:00:00 pm,3,23,935,1.50822,0,0.19,0.12,0,0,0,0,0,1.50822,0,0.2865618,0,0.2865618
12:00:00 am,4,0,936,1.07923,0,0.19,0.12,0,0,0,0,0,1.07923,0,0.2050537,0,0.2050537
1:00:00 am,4,1,937,0.910035,0,0.19,0.12,0,0,0,0,0,0.910035,0,0.17290665,0,0.17290665
2:00:00 am,4,2,938,0.847659,0,0.19,0.12,0,0,0,0,0,0.847659,0,0.16105521,0,0.16105521
3:00:00 am,4,3,939,0.840553,0,0.19,0.12,0,0,0,0,0,0.840553,0,0.15970507,0,0.15970507
4:00:00 am,4,4,940,0.884633,0,0.19,0.12,0,0,0,0,0,0.884633,0,0.16808027,0,0.16808027
5:00:00 am,4,5,941,1.14591,0,0.19,0.12,0,0,0,0,0,1.14591,0,0.2177229,0,0.2177229
6:00:00 am,4,6,942,1.70297,0,0.19,0.12,0,0,0,0.18086,0,1.5221,0,0.289199,0,0.289199
7:00:00 am,4,7,943,2.10201,0,0.19,0.12,0,0,0,0.17271,0,1.9293,0,0.366567,0,0.366567
8:00:00 am,4,8,944,1.9739,0.0981444,0.19,0.12,0.0981444,0,0,0,0,1.87576,0,0.3563944,0,0.3563944
9:00:00 am,4,9,945,1.71633,0.264122,0.19,0.12,0.264122,0,0,0,0,1.45221,0,0.2759199,0,0.2759199
10:00:00 am,4,10,946,1.62624,0.322282,0.19,0.12,0.322282,0,0,0,0,1.30396,0,0.2477524,0,0.2477524
11:00:00 am,4,11,947,1.52714,0.28508,0.19,0.12,0.28508,0,0,0,0,1.24206,0,0.2359914,0,0.2359914
12:00:00 pm,4,12,948,1.43327,0.40853,0.19,0.12,0.40853,0,0,0,0,1.02474,0,0.1947006,0,0.1947006
1:00:00 pm,4,13,949,1.36907,0.396946,0.19,0.12,0.396946,0,0,0,0,0.972127,0,0.18470413,0,0.18470413
2:00:00 pm,4,14,950,1.32688,1.2433,0.19,0.12,1.2433,0,0,0,0,0.083579,0,0.01588001,0,0.01588001
3:00:00 pm,4,15,951,1.38149,2.09975,0.19,0.12,1.38149,0.718264,0,0,0,0,0,0,0,0
4:00:00 pm,4,16,952,1.62707,0.988836,0.19,0.12,0.988836,0,0,0,0,0.638233,0,0.12126427,0,0.12126427
5:00:00 pm,4,17,953,2.15576,0.00162609,0.19,0.12,0.00162609,0,0,0.632031,0,1.5221,0,0.289199,0,0.289199
6:00:00 pm,4,18,954,2.54828,0,0.19,0.12,0,0,0,0.0276342,0,2.52064,0,0.4789216,0,0.4789216
7:00:00 pm,4,19,955,2.66478,0,0.19,0.12,0,0,0,0,0,2.66478,0,0.5063082,0,0.5063082
8:00:00 pm,4,20,956,2.53382,0,0.19,0.12,0,0,0,0,0,2.53382,0,0.4814258,0,0.4814258
9:00:00 pm,4,21,957,2.28863,0,0.19,0.12,0,0,0,0,0,2.28863,0,0.4348397,0,0.4348397
10:00:00 pm,4,22,958,1.86301,0,0.19,0.12,0,0,0,0,0,1.86301,0,0.3539719,0,0.3539719
11:00:00 pm,4,23,959,1.45317,0,0.19,0.12,0,0,0,0,0,1.45317,0,0.2761023,0,0.2761023
12:00:00 am,5,0,960,1.02524,0,0.19,0.12,0,0,0,0,0,1.02524,0,0.1947956,0,0.1947956
1:00:00 am,5,1,961,0.851581,0,0.19,0.12,0,0,0,0,0,0.851581,0,0.16180039,0,0.16180039
2:00:00 am,5,2,962,0.79158,0,0.19,0.12,0,0,0,0,0,0.79158,0,0.1504002,0,0.1504002
3:00:00 am,5,3,963,0.793953,0,0.19,0.12,0,0,0,0,0,0.793953,0,0.15085107,0,0.15085107
4:00:00 am,5,4,964,0.837425,0,0.19,0.12,0,0,0,0,0,0.837425,0,0.15911075,0,0.15911075
5:00:00 am,5,5,965,1.09463,0,0.19,0.12,0,0,0,0,0,1.09463,0,0.2079797,0,0.2079797
6:00:00 am,5,6,966,1.65422,0,0.19,0.12,0,0,0,0,0,1.65422,0,0.3143018,0,0.3143018
7:00:00 am,5,7,967,2.02584,0.0542775,0.19,0.12,0.0542775,0,0,0,0,1.97156,0,0.3745964,0,0.3745964
8:00:00 am,5,8,968,1.92301,0.491817,0.19,0.12,0.491817,0,0,0,0,1.4312,0,0.271928,0,0.271928
9:00:00 am,5,9,969,1.69339,2.02236,0.19,0.12,1.69339,0.328966,0,0,0,0,0,0,0,0
10:00:00 am,5,10,970,1.61685,1.46273,0.19,0.12,1.46273,0,0,0,0,0.154115,0,0.02928185,0,0.02928185
11:00:00 am,5,11,971,1.50921,4.00087,0.19,0.12,1.50921,2.49166,-2.22045E-16,0,0,0,0,0,-2.66454E-17,2.66454E-17
12:00:00 pm,5,12,972,1.41504,4.122,0.19,0.12,1.41504,2.70696,0,0,0,0,0,0,0,0
1:00:00 pm,5,13,973,1.34384,3.90173,0.19,0.12,1.34384,2.55789,0,0,0,0,0,0,0,0
2:00:00 pm,5,14,974,1.29725,2.46495,0.19,0.12,1.29725,0.212347,0.955348,0,0,0,0,0,0.11464176,-0.11464176
3:00:00 pm,5,15,975,1.34814,1.86885,0.19,0.12,1.34814,0,0.520707,0,0,0,0,0,0.06248484,-0.06248484
4:00:00 pm,5,16,976,1.59501,0.70877,0.19,0.12,0.70877,0,0,0,0,0.886237,0,0.16838503,0,0.16838503
5:00:00 pm,5,17,977,2.1128,0,0.19,0.12,0,0,0,0.590699,0,1.5221,0,0.289199,0,0.289199
6:00:00 pm,5,18,978,2.51066,0,0.19,0.12,0,0,0,0.988559,0,1.5221,0,0.289199,0,0.289199
7:00:00 pm,5,19,979,2.62688,0,0.19,0.12,0,0,0,1.10477,0,1.5221,0,0.289199,0,0.289199
8:00:00 pm,5,20,980,2.49604,0,0.19,0.12,0,0,0,0.97393,0,1.52211,0,0.2892009,0,0.2892009
9:00:00 pm,5,21,981,2.25516,0,0.19,0.12,0,0,0,0.733053,0,1.52211,0,0.2892009,0,0.2892009
10:00:00 pm,5,22,982,1.83581,0,0.19,0.12,0,0,0,0.31371,0,1.5221,0,0.289199,0,0.289199
11:00:00 pm,5,23,983,1.42539,0,0.19,0.12,0,0,0,0,0,1.42539,0,0.2708241,0,0.2708241
12:00:00 am,6,0,984,1.01639,0,0.19,0.12,0,0,0,0,0,1.01639,0,0.1931141,0,0.1931141
1:00:00 am,6,1,985,0.833997,0,0.19,0.12,0,0,0,0,0,0.833997,0,0.15845943,0,0.15845943
2:00:00 am,6,2,986,0.768,0,0.19,0.12,0,0,0,0,0,0.768,0,0.14592,0,0.14592
3:00:00 am,6,3,987,0.761617,0,0.19,0.12,0,0,0,0,0,0.761617,0,0.14470723,0,0.14470723
4:00:00 am,6,4,988,0.81132,0,0.19,0.12,0,0,0,0,0,0.81132,0,0.1541508,0,0.1541508
5:00:00 am,6,5,989,1.09112,0,0.19,0.12,0,0,0,0,0,1.09112,0,0.2073128,0,0.2073128
6:00:00 am,6,6,990,1.68793,0,0.19,0.12,0,0,0,0.165824,0,1.5221,0,0.289199,0,0.289199
7:00:00 am,6,7,991,2.10517,0.244531,0.19,0.12,0.244531,0,0,0.338538,0,1.5221,0,0.289199,0,0.289199
8:00:00 am,6,8,992,2.01057,1.7866,0.19,0.12,1.7866,0,0,0,0,0.223971,0,0.04255449,0,0.04255449
9:00:00 am,6,9,993,1.77207,1.82497,0.19,0.12,1.77207,0.052905,0,0,0,0,0,0,0,0
10:00:00 am,6,10,994,1.658,2.90126,0.19,0.12,1.658,1.24326,0,0,0,0,0,0,0,0
11:00:00 am,6,11,995,1.53323,3.39263,0.19,0.12,1.53323,1.8594,0,0,0,0,0,0,0,0
12:00:00 pm,6,12,996,1.42148,3.3155,0.19,0.12,1.42148,1.89402,0,0,0,0,0,0,0,0
1:00:00 pm,6,13,997,1.33932,3.35046,0.19,0.12,1.33932,0.690894,1.32024,0,0,0,0,0,0.1584288,-0.1584288
2:00:00 pm,6,14,998,1.28482,3.58716,0.19,0.12,1.28482,0,2.30234,0,0,0,0,0,0.2762808,-0.2762808
3:00:00 pm,6,15,999,1.34306,2.53759,0.19,0.12,1.34306,0,1.19453,0,0,0,0,0,0.1433436,-0.1433436
